-- MySQL dump 10.13  Distrib 5.5.42, for debian-linux-gnu (x86_64)
--
-- Host: localhost    Database: maytheclonebewithyou
-- ------------------------------------------------------
-- Server version	5.5.42-1

/*!40101 SET @OLD_CHARACTER_SET_CLIENT=@@CHARACTER_SET_CLIENT */;
/*!40101 SET @OLD_CHARACTER_SET_RESULTS=@@CHARACTER_SET_RESULTS */;
/*!40101 SET @OLD_COLLATION_CONNECTION=@@COLLATION_CONNECTION */;
/*!40101 SET NAMES utf8 */;
/*!40103 SET @OLD_TIME_ZONE=@@TIME_ZONE */;
/*!40103 SET TIME_ZONE='+00:00' */;
/*!40014 SET @OLD_UNIQUE_CHECKS=@@UNIQUE_CHECKS, UNIQUE_CHECKS=0 */;
/*!40014 SET @OLD_FOREIGN_KEY_CHECKS=@@FOREIGN_KEY_CHECKS, FOREIGN_KEY_CHECKS=0 */;
/*!40101 SET @OLD_SQL_MODE=@@SQL_MODE, SQL_MODE='NO_AUTO_VALUE_ON_ZERO' */;
/*!40111 SET @OLD_SQL_NOTES=@@SQL_NOTES, SQL_NOTES=0 */;

--
-- Table structure for table `impresoras`
--

DROP TABLE IF EXISTS `impresoras`;
/*!40101 SET @saved_cs_client     = @@character_set_client */;
/*!40101 SET character_set_client = utf8 */;
CREATE TABLE `impresoras` (
  `printernumber` int(32) NOT NULL,
  `printername` varchar(500) NOT NULL,
  `fnacimiento` varchar(10) DEFAULT NULL,
  `printermodel` varchar(30) DEFAULT NULL,
  `printermother` int(10) NOT NULL,
  `printerlocation` smallint(6) DEFAULT NULL,
  `printerurl` varchar(5000) DEFAULT NULL,
  `printeralive` tinyint(1) NOT NULL DEFAULT '1',
  `username` varchar(500) NOT NULL,
  `foto` varchar(5000) DEFAULT NULL,
  PRIMARY KEY (`printernumber`),
  KEY `printermother` (`printermother`),
  KEY `username` (`username`),
  KEY `printermodel` (`printermodel`),
  CONSTRAINT `impresoras_ibfk_1` FOREIGN KEY (`printermodel`) REFERENCES `models` (`id`),
  CONSTRAINT `impresoras_ibfk_3` FOREIGN KEY (`username`) REFERENCES `users` (`username`),
  CONSTRAINT `impresoras_ibfk_4` FOREIGN KEY (`printermother`) REFERENCES `impresoras` (`printernumber`)
) ENGINE=InnoDB DEFAULT CHARSET=latin1;
/*!40101 SET character_set_client = @saved_cs_client */;

--
-- Dumping data for table `impresoras`
--

LOCK TABLES `impresoras` WRITE;
/*!40000 ALTER TABLE `impresoras` DISABLE KEYS */;
INSERT INTO `impresoras` VALUES (-100000,'GABMAN','03/05/2015','p3_alu',-100000,8,'',1,'*Desconocido',NULL),(-99999,'Madre desconocida','','.1',-100000,2,'',1,'*Desconocido','/var/www/CWData/src/www/uploads/Circle-question.png'),(-10000,'Madre','16/05/2011','thingomati',-100000,28,'http://www.iearobotics.com/wiki/index.php?title=Impresora_3D:MADRE',1,'Asociación de Robótica de la UC3M','/var/www/cw_big_data/uploads/Madre-gen0-r1.jpg'),(-9999,'Padre','08/10/2011','thingomati',-100000,28,'http://www.iearobotics.com/wiki/index.php?title=Impresora_3D:MADRE',1,'Departamento de Ingeniería de Sistemas y Automática UC3M','/var/www/cw_big_data/uploads/320px-PADRE-1.jpg'),(-9998,'R1','19/05/2009','cupcake',-100000,28,'http://www.iearobotics.com/wiki/index.php?title=Makerbot_Cupcake:_R1',0,'Obijuan','/var/www/cw_big_data/uploads/R1-50.jpg'),(-9997,'MAF-1','22/04/2012','mosaic',-100000,28,'http://www.reprap.org/wiki/MakerGear_Mosaic_1:_MAF-1',1,'Miguel Angel de Frutos','/var/www/cw_big_data/uploads/MAF1.jpg'),(-9996,'Demiurgo','15/01/2012','thingomati',-100000,28,'http://www.reprap.org/wiki/Impresora_Progenitora:_Demiurgo',1,'Jon Goitia','/var/www/cw_big_data/uploads/Clon0-Demiurgo-6489.jpg'),(-9995,'3DGDAF','22/06/2012','replicator',-100000,28,'http://www.reprap.org/mediawiki/images/1/17/IMG_0472.jpg',1,'Grupo de Displays y Aplicaciones Fotónicas de la UC3M','/var/www/cw_big_data/uploads/IMG_0472.jpg'),(-9994,'UPM-MAKER','01/11/2011','thingomati',-100000,28,'http://www.iearobotics.com/wiki/index.php?title=MakerBot_Thing-o-Matic:_Robcib-Maker',1,'RobCib','/var/www/cw_big_data/uploads/Robcib-maker.jpg'),(-9993,'CADesigns','01/03/2011','thingomati',-100000,50,'http://www.cadesigns.es',1,'Carlos Monreal','/var/www/cw_big_data/uploads/Clon0-CADesigns.png'),(-9992,'Madalena','12/03/2011','cupcake',-100000,38,'',1,'Canarnova - Grupo de creación e innovación tecnológica de Canarias','/var/www/cw_big_data/uploads/Cupcake-madalena.jpg'),(-9991,'Xan','23/09/2012','printrbot plus',-100000,99,'',1,'Alejandro Martín','/var/www/cw_big_data/uploads/Clone0-Xan.jpg'),(-9990,'Plumabot-M','04/06/2012','replicator',-100000,28,'',1,'IES Juan de la Cierva','/var/www/cw_big_data/uploads/Clon0-Plumabot-M.jpg'),(-9989,'Pris','20/07/2012','printrbot plus lc',-100000,28,'',1,'Jose Hevia','/var/www/cw_big_data/uploads/Clone0-pris.jpg'),(-9988,'Micro','23/10/2012','printrbot jr',-100000,28,'',1,'Carlos García Saura','/var/www/CWData/src/www/uploads/Clon0-Micro_tr.png'),(-9987,'HORI','10/07/2012','replicator',-100000,28,'http://www.reprap.org/wiki/HORI',1,'Chris D. McCoy','/var/www/cw_big_data/uploads/Clon0-HORI.png'),(-9986,'UltiCO','15/07/2012','ultimaker',-100000,9,'',1,'Ivan Blasco','/var/www/cw_big_data/uploads/Clon0-UltiCo.jpg'),(-9985,'Deutecno-maker','15/12/2011','thingomati',-100000,5,'http://www.iearobotics.com/wiki/index.php?title=MakerBot_Thing-o-Matic:_Deutecno-Maker',1,'Deutecno, S.L','/var/www/cw_big_data/uploads/DeutecnoMAKER-1.jpg'),(-9984,'Magic Carpet','18/09/2013','printrbot jr',-100000,20,'',1,'Antonio Campos','/var/www/cw_big_data/uploads/Clon_0_Magic_carpet.jpg'),(-9983,'Plumabot-Gr','28/09/2012','replicator',-100000,18,'',1,'IES Virgen de las Nieves, Granada','/var/www/cw_big_data/uploads/Clon0-Plumabot-Gr.jpg'),(-9982,'Art-e-Facto','19/03/2013','repstrap',-100000,28,'http://www.reprap.org/wiki/File:Art_e_Facto.jpg',0,'Miguel Herranz','/var/www/CWData/src/www/uploads/Art_e_Facto.JPG'),(1,'R2D2','24/12/2011','prusa mendel',-9998,28,'http://www.iearobotics.com/wiki/index.php?title=Prusa_Mendel:_R2D2',0,'Obijuan','/var/www/cw_big_data/uploads/Prusa-r2d2-clon.jpg'),(2,'Death Star','17/09/2013','prusa mendel',-10000,28,'http://www.reprap.org/wiki/Clone_wars:Impresora_Death_Star',1,'Fernando Salceda Álvarez','/var/www/cw_big_data/uploads/Clon-Deathstar_2012-01-07_1-r2.jpg'),(3,'Maese Artorius','01/01/2012','prusa mendel',-10000,28,'http://www.reprap.org/wiki/Clone_wars:Impresora_Maese_Artorius',1,'Arturo Vera García','/var/www/cw_big_data/uploads/Clon-maese-artorius.jpg'),(4,'Mardan','19/01/2012','prusa mendel',-10000,28,'http://www.reprap.org/wiki/Clone_wars:Impresora_Mardan',1,'Marco Esteban Illescas','/var/www/CWData/src/www/uploads/Clon-mardan1.jpg'),(5,'Halcón Milenario','27/01/2012','prusa mendel',-99999,28,'http://www.reprap.org/wiki/Clone_wars:Impresora_Halc%C3%B3n_Milenario',0,'Carlos García Saura','/var/www/CWData/src/www/uploads/Clon_halcon_milenario.png'),(6,'GLaDOS','02/02/2012','repstrap',-100000,28,'http://www.reprap.org/wiki/Clone_wars:Impresora_GLaDOS',1,'Miguel Ángel Herranz','/var/www/CWData/src/www/uploads/Clon_GLaDOS.jpg'),(7,'PacleMAKER','07/02/2012','prusa mendel',-99999,28,'http://www.reprap.org/wiki/Clone_wars:Impresora_PacleMAKER',1,'Pablo Clemente','/var/www/CWData/src/www/uploads/2012-02-07-paclemaker.jpg'),(8,'Sonny','07/02/2012','prusa mendel',-10000,28,'http://www.reprap.org/wiki/Clone_wars:Impresora_Sonny',1,'Daniel Gómez','/var/www/CWData/src/www/uploads/Clon-mardan2.jpg'),(9,'Johnny 5','25/02/2012','prusa mendel',-99999,3,'http://www.mbrobotics.es/Wiki/index.php?title=JOHNNY5',1,'Miguel Angel Berna Alberola (MABLACK )','/var/www/CWData/src/www/uploads/J52-r1.jpg'),(10,'Manuela','02/03/2012','prusa mendel',-99999,47,'http://www.reprap.org/wiki/Clone_wars:Impresora_Manuela',1,'Jose Luis del Olmo (Macnetic)','/var/www/cw_big_data/uploads/Jedi_manuela.jpg'),(11,'Debugger','28/02/2012','p2',-99999,99,'http://www.reprap.org/wiki/Clone_wars:Impresora_Debugger',1,'*Desconocido','/var/www/CWData/src/www/uploads/Clon_debugger_01-r1.jpg'),(12,'Fenix-bot','11/03/2012','p2',-99999,9,'http://www.reprap.org/wiki/Clone_wars:Impresora_Fenix-bot',1,'*Desconocido','/var/www/CWData/src/www/uploads/Fenix-bot_final_03.JPG'),(13,'R3','01/04/2012','p2',1,28,'http://www.iearobotics.com/wiki/index.php?title=Prusa_Mendel_Iteraci%C3%B3n_2:_R3',1,'Obijuan','/var/www/cw_big_data/uploads/R3-16.jpg'),(14,'AT-AT','12/04/2012','prusa mendel',-99999,99,'http://www.reprap.org/wiki/Clone_wars:Impresora_AT-AT',1,'Xavier Tamarit','/var/www/CWData/src/www/uploads/ATAT.jpg'),(15,'Ociorum/Bricolabs','13/04/2012','p2',-99999,15,'http://www.reprap.org/wiki/Clone_wars:_Impresora_Ociorum',1,'Asociación Ociorum','/var/www/CWData/src/www/uploads/IMG_1310.jpg'),(16,'Potato','15/04/2012','p2',-99999,28,'http://www.reprap.org/wiki/Clone_wars:_Impresora_Potato',1,'Santiago López','/var/www/CWData/src/www/uploads/Potato-r1.png'),(17,'Úterus','05/05/2012','p2',1,28,'http://www.reprap.org/wiki/Clone_wars:_Impresora_Uterus',1,'Coleóptero','/var/www/CWData/src/www/uploads/800px-Clon-17-uterus.jpg'),(18,'Han','06/05/2012','p2',1,99,'http://www.iearobotics.com/wiki/index.php?title=Prusa_Mendel_Iteraci%C3%B3n_2:_Han',1,'Andrés Prieto Moreno','/var/www/cw_big_data/uploads/Clon-18-han.png'),(19,'Black Misan','23/10/2011','prusa mendel',-99999,46,'http://www.reprap.org/wiki/Clone_Wars:_Impresora_Black_Misan',1,'Miguel Sánchez (misan)','/var/www/CWData/src/www/uploads/Misan1-r1.png'),(20,'Blue Misan','15/03/2012','p2',19,46,'http://www.reprap.org/wiki/Clone_Wars:_Impresora_Blue_Misan',1,'Miguel Sánchez (misan)','/var/www/CWData/src/www/uploads/Misan2-r3.png'),(21,'Ukraine','08/04/2012','printrbot',20,46,'http://www.reprap.org/wiki/Clone_wars:Impresora_Ukraine',1,'Miguel Sánchez (misan)','/var/www/CWData/src/www/uploads/Ukraine-r1.png'),(22,'Grifo','18/05/2012','p2',-99999,49,'http://www.reprap.org/wiki/Clone_wars:Impresora_Grifo',1,'Abraham Alvaro Jimenez y Nerea Alvaro Santos','/var/www/CWData/src/www/uploads/Clon-22-Grifo-r1.jpg'),(23,'The Clon UA','23/05/2012','p2',2,3,'http://www.reprap.org/wiki/Clone_wars:_The_Clone_UA/es',1,'Diego Viejo','/var/www/CWData/src/www/uploads/Clone-23-The_Clone_UA_Jedi.jpg'),(24,'Lucy','01/06/2013','printrbot',5,28,'http://www.reprap.org/wiki/Clone_wars:Impresora_Lucy',1,'Carlos García Saura','/var/www/CWData/src/www/uploads/Impresora_Lucy_2_Junio_20121.jpg'),(25,'TIE Fighter','11/06/2012','p2',2,28,'http://www.reprap.org/wiki/Clone_wars:_TIEFighter',1,'Fernando Salceda Álvarez','/var/www/CWData/src/www/uploads/Clon-25-Tiefighter.jpg'),(26,'Rewok','13/06/2012','printrbot',-9997,32,'http://www.reprap.org/wiki/Clone_wars:_Impresora_Rewok',1,'Carlos Currás (Aisflou)','/var/www/CWData/src/www/uploads/Clone-26-Rewok.png'),(27,'Shodan','17/06/2012','p2',13,28,'http://www.reprap.org/wiki/Clone_wars:_Impresora_SHODAN',1,'Jaime García (elgambitero)','/var/www/CWData/src/www/uploads/Clon-27-SHODAN.png'),(28,'Dédalo','19/06/2012','p2',-9999,28,'',1,'David Estévez Fernández','/var/www/CWData/src/www/uploads/200px-Clon-28-Dedalo.jpg'),(29,'Gandalf the transparent','20/06/2012','.1',-9999,28,'http://www.reprap.org/wiki/Clone_wars:_Impresora_Gandalf_the_transparent',1,'Alberto Valero','/var/www/CWData/src/www/uploads/Clon-29-Gandalf-the-transparent.png'),(30,'X-Wing','26/06/2012','p2',1,29,'http://www.reprap.org/wiki/Clone_wars:Impresora_X_Wing',1,'Exergy123','/var/www/CWData/src/www/uploads/Clon-30-xwing.jpg'),(31,'Prusa-Popoulus','30/06/2012','p2',13,99,'http://www.reprap.org/wiki/Clone_wars:Impresora_Prusa-popoulus',1,'Stathis Fotiadis','/var/www/CWData/src/www/uploads/Clon-31-Prusa-popoulus.jpg'),(32,'Guaifi','10/06/2012','p2',15,15,'http://fidelfraga.eu/content/impresora-3d',1,'Fidel Fraga Fernández (@guaifi)','/var/www/CWData/src/www/uploads/Clon-32-guaifi.jpg'),(33,'P1','11/07/2012','printrbot',-99999,28,'http://www.iearobotics.com/wiki/index.php?title=Printerbot:_P1',1,'Obijuan','/var/www/CWData/src/www/uploads/Clon-33-P1.png'),(34,'Marvin','12/07/2012','prusa air 2',4,28,'',1,'Martin Fodstad Stoelen','/var/www/CWData/src/www/uploads/Clon-34-Marvin.png'),(35,'jpi','15/07/2012','prusa air 2',3,28,'',1,'Itziar Lima Ramos y Juan Pablo Rodríguez García','/var/www/CWData/src/www/uploads/Clon-35-jP.jpg'),(36,'Pepa','28/07/2012','p2',10,47,'http://www.reprap.org/wiki/Clone_Wars:_Impresora_Pepa',1,'Jose Ignacio Alonso','/var/www/cw_big_data/uploads/Clon-36-Pepa.jpg'),(37,'Wendy','03/08/2012','prusa air 2',-9999,28,'http://www.reprap.org/wiki/Clone_wars:Impresora_Wendy',1,'Nieves Cubo (Nicuma)','/var/www/CWData/src/www/uploads/Clon37-wendy.jpg'),(38,'Abe','11/08/2012','p2',32,41,'',1,'Javier Rebollo (Jarec)','/var/www/CWData/src/www/uploads/Abe.jpg'),(39,'Daneel 3-law','11/08/2012','p2',10,50,'http://www.reprap.org/wiki/Clone_wars:Impresora_Daneel_3-law',1,'Asimov','/var/www/cw_big_data/uploads/Clone-39-Daneel_3-law_jedi.png'),(40,'Gallia','25/08/2012','p2',-9992,38,'',1,'Enrique Zanardi','/var/www/CWData/src/www/uploads/Clon-40-gallia-canarnova.jpg'),(41,'Geek-X-truder','26/08/2012','printrbot',17,50,'http://www.reprap.org/wiki/Clone_wars:Impresora_Geek-X-truder',1,'Pablo Murillo - Arduteka','/var/www/CWData/src/www/uploads/Clon-41-Geek-X-truder.jpg'),(42,'R2-RELOADED','28/10/2012','p2',13,28,'http://www.iearobotics.com/wiki/index.php?title=Prusa_Mendel_Iteraci%C3%B3n_2:_R2-reloaded',1,'Obijuan','/var/www/cw_big_data/uploads/R2-Reloaded-decorada.png'),(43,'Tron','20/09/2013','p2',2,28,'',1,'Ramon Rivas, Edgar Salas y Guillermo Welch ','/var/www/cw_big_data/uploads/Clon-43-Tron.jpg'),(44,'Othon','22/07/2012','p2',7,28,'http://reprap.org/wiki/Clone_Wars:_Othon',1,'Álvaro Ollero','/var/www/CWData/src/www/uploads/Clon-44-Othon.jpg'),(45,'Arquímedes','06/09/2012','p2',4,7,'',1,'Diego Lao (Howarto)','/var/www/CWData/src/www/uploads/Clon-45-PrusaHowarto.jpg'),(46,'3D Prisa','06/09/2012','p2',-9990,28,'http://www.reprap.org/wiki/Clone_wars:_Impresora_3D-Prisa',1,'Fernando Remiro','/var/www/CWData/src/www/uploads/Clon-46-3D-Prisa.jpg'),(48,'Matrix','30/08/2012','printrbot 2',15,27,'http://www.matrix3d.es',1,'Diego Prado (@diego_p_g)','/var/www/CWData/src/www/uploads/Matrix_printer.png'),(49,'R5D5','11/09/2012','p2',-99999,1,'',1,'Raul Jimenez','/var/www/CWData/src/www/uploads/R5D5_2.jpg'),(50,'C3PO','17/09/2012','printrbot',10,28,'',1,'Alvaro Lara','/var/www/cw_big_data/uploads/Clon-50-C3po.jpg'),(51,'MayPrinter','12/09/2012','printrbot',16,11,'',0,'Mariano Dapía (@iPadNanito)','/var/www/CWData/src/www/uploads/Clon-51-MayPrintr.jpg'),(52,'Carbonite','25/09/2012','prusa mold',-99999,28,'http://www.reprap.org/wiki/Clone_wars:_Impresora_Carbonite',1,'Nerea de la Riva, Iván Gallego, Eduardo Gallego','/var/www/CWData/src/www/uploads/Clone-52-carbonite.png'),(53,'Michaelmas','05/10/2012','p3_steel',10,47,'http://www.reprap.org/wiki/Clone_wars:Impresora_Michaelmas',1,'Jose Luis del Olmo (Macnetic)','/var/www/cw_big_data/uploads/Clon-53-Michaelmas.jpg'),(54,'EVE (Nº6)','09/10/2012','p2',9,99,'',1,'Miguel Angel Berna Alberola (MABLACK )','/var/www/CWData/src/www/uploads/Clon-54-eve.png'),(55,'Y-Wing','13/10/2012','p2',30,29,'',1,'Exergy123','/var/www/CWData/src/www/uploads/Clon-55-Y-Wing.jpg'),(56,'La cosa','30/09/2012','prusa air 2',-9996,28,'http://www.reprap.org/wiki/Impresora:_la_cosa',1,'Jorge Rodríguez Marín','/var/www/CWData/src/www/uploads/Clone-56-la-cosa.jpg'),(57,'Unicorn','20/10/2012','prusa air 2',-9996,28,'http://www.reprap.org/wiki/Impresora:_unicorn',1,'Juan G. Victores','/var/www/CWData/src/www/uploads/Clone-57-Unicorn.jpg'),(58,'Kneesaa','25/10/2012','p2',9,28,'',1,'Roberto Cancela (Maxit)','/var/www/CWData/src/www/uploads/Kneesaa.jpg'),(59,'JJMachine','20/10/2012','p2',39,29,'www.makealo.com',0,'Jose Gemez','/var/www/cw_big_data/uploads/Clon-59-JJmachine.png'),(60,'Dolly','29/10/2012','p2',23,3,'http://www.reprap.org/wiki/Clone_wars:_Impresora_Dolly',1,'J. Sevila, S. Ors','/var/www/CWData/src/www/uploads/Dolly_18_Todo_Montado.JPG'),(61,'Conguito3D','25/10/2012','p2',9,28,'',1,'J. Sevila, S. Ors','/var/www/CWData/src/www/uploads/Clon-61-conguito3d.jpg'),(62,'Hefesto','31/10/2012','prusa air 2',-9996,28,'',1,'Fernando Cerezal','/var/www/CWData/src/www/uploads/Clone-62-Hefesto.jpg'),(63,'Laura Palmer','12/10/2012','p2',32,36,'',1,'Alfredo Prado (@radikalbytes)','/var/www/CWData/src/www/uploads/Laura.jpg'),(64,'Irohide','26/10/2012','p2',39,6,'http://imc9.blogspot.com.es/p/impresora-3d.html',1,'Ismael De Migel Cantero','/var/www/cw_big_data/uploads/Clon-64-Ironhide.jpg'),(65,'Orange Juice','02/11/2012','p2',-99999,8,'',1,'David F.','/var/www/CWData/src/www/uploads/Orange_Juice.jpg'),(66,'Nexus 6','03/11/2012','p2',9,15,'',1,'Milo Barral','/var/www/CWData/src/www/uploads/Clon-66-Nexus-6.jpg'),(67,'T-800','29/10/2012','prusa air 2',-9996,28,'',1,'Antonio Castro Gómez','/var/www/CWData/src/www/uploads/Clon-67-T-800.jpg'),(68,'Lolita','04/11/2012','prusa air 2',-9996,28,'',1,'David Cabrera Rodríguez y Patricia Alba Talaverano','/var/www/CWData/src/www/uploads/Clon-68-Lolita.jpg'),(69,'ReciClon-W','05/11/2012','p2',4,41,'',1,'Antonio Escudero (ReciClon-W)','/var/www/CWData/src/www/uploads/ReciClonWeb.jpg'),(70,'DaVinci','14/03/2013','p2',10,47,'',1,'*Desconocido','/var/www/CWData/src/www/uploads/2013-03-14_22.24_.30_.jpg'),(71,'LipeRap','22/10/2012','p2',-9993,50,'',1,'Pedro Clemente','/var/www/CWData/src/www/uploads/Clon-71-Liperap.jpg'),(72,'Terpsícore','11/11/2012','huxley',39,50,'http://www.reprap.org/wiki/Clone_wars:Impresora_Terpsicore',0,'Asimov','/var/www/cw_big_data/uploads/Clon-72-terpsicore.jpg'),(73,'Bender Doblador Rodríguez','10/10/2012','printrbot',-99999,38,'http://www.reprap.org/wiki/Clone_wars:Impresora_Bender_doblador_rodr%C3%ADguez',1,'Julian Garcia','/var/www/CWData/src/www/uploads/Clon-73-bender-doblador-rodriguez.jpg'),(74,'LAAT','20/11/2012','p2',30,46,'http://www.reprap.org/wiki/Clone_Wars:Impresora_LAAT',1,'Jorge Balaguer y Antonio Carbonell','/var/www/CWData/src/www/uploads/Clon-74-LAAT.jpg'),(75,'Bumblebee','22/11/2012','printrbot 2',30,8,'',1,'Ariadna Trueba y Juan Pedro López','/var/www/CWData/src/www/uploads/Clon-75-bumblebee.png'),(76,'Arturo','20/11/2012','p2',46,28,'',1,'Daniel Vallejo Hernando','/var/www/CWData/src/www/uploads/Clone-76-Arturo.jpg'),(77,'Alcar','25/11/2012','p2',10,28,'http://www.reprap.org/wiki/M%C3%81S_INFORMACI%C3%93N',1,'Jose Sanchez Sanchez','/var/www/cw_big_data/uploads/Clone-77-alcar.jpg'),(78,'Kubrick','20/11/2012','printrbot 2',17,99,'http://www.reprap.org/wiki/Clone_Wars:_Impresora_Kubrick',1,'Javier Marquevichi','/var/www/CWData/src/www/uploads/Clon-78-Kubrick.jpg'),(79,'SpongeBot','27/11/2012','p2',48,15,'',0,'Alejandro Taracido (TCRobotics)','/var/www/CWData/src/www/uploads/Clon-79-SpongeBot.jpg'),(80,'VirPrusa','29/11/2012','p2',53,41,'',1,'Francisco Montero','/var/www/CWData/src/www/uploads/Clone-80-VirPrusa.jpg'),(81,'Neutronium','06/10/2012','p2',39,50,'',1,'DLabs','/var/www/cw_big_data/uploads/800px-Clon_81_Neutronium.jpg'),(82,'od-O-matic','02/12/2012','prusa air 2',88,2,'',1,'Ricardo Monsalve','/var/www/CWData/src/www/uploads/Clon-82-odomatic.jpg'),(83,'Droide de Protocolo','03/01/2012','p2',1,-1,'',1,'Miguel Angel de Frutos','/var/www/CWData/src/www/uploads/Clon-83-droide-de-protocolo.jpg'),(84,'LeapTo3D','01/12/2012','p3_alu',21,46,'',1,'Miguel Sánchez (misan)','/var/www/CWData/src/www/uploads/Clon-84-Acrylic3.jpg'),(85,'Maniotas','03/12/2012','p2',42,36,'',1,'Pablo Martinez & Rita Lopez','/var/www/CWData/src/www/uploads/Clon-85-Maniotas.jpg'),(86,'Machado','04/12/2012','p2',9,4,'',1,'Ramón López','/var/www/CWData/src/www/uploads/Clon-86-Machado.jpg'),(87,'Roi','04/12/2012','p2',44,28,'http://www.reprap.org/wiki/Clone_Wars:_Roi',1,'Juan Carlos Liébana (CAPI)','/var/www/CWData/src/www/uploads/Clon-87-Roi.jpg'),(88,'Leapy','06/10/2012','prusa air 2',-9996,28,'',1,'LeapTo3D','/var/www/CWData/src/www/uploads/Clon-88-Leapy.png'),(89,'alfa 3P','06/12/2012','p2',63,36,'',1,'Alejandro Alfaya, Angel Gómez, Alejandro Valiñas','/var/www/CWData/src/www/uploads/Clon-89-Alfa3p.jpg'),(90,'Ester Píscole','06/12/2012','p3_box',39,50,'http://www.reprap.org/wiki/Clone_wars:Impresora_EsterPiscole',0,'Asimov','/var/www/cw_big_data/uploads/500px-Clon-90-esterpiscole2.jpg'),(91,'Babbage','01/11/2012','huxley',-99999,28,'http://sindormir.net',1,'Syvic','/var/www/CWData/src/www/uploads/Clon-91-Babbage.jpg'),(92,'The Orange PrintWork','09/12/2012','p2',46,28,'',1,'Iker Etxarte','/var/www/CWData/src/www/uploads/Clon-92-The-orange-printwork.jpg'),(93,'Impresori','09/12/2012','p2',7,35,'',1,'Sasori Olkof','/var/www/CWData/src/www/uploads/Clon-93-Impresori.jpg'),(94,'Moebius','11/12/2012','p2',17,28,'',1,'Luis Macías','/var/www/CWData/src/www/uploads/Clon-94-Moebius.jpg'),(95,'Litris 3D','12/12/2012','p2',4,3,'http://www.reprap.org/mediawiki/index.php?title=Mas_informaci%C3%B3n&action=edit&redlink=1',1,'Salvador Lario (litris)','/var/www/CWData/src/www/uploads/image.jpg'),(96,'Aitor','16/11/2012','printrbot',41,50,'',1,'Aitor Hernández','/var/www/CWData/src/www/uploads/Clon-96-Aitor.jpg'),(97,'Casillas 75','16/12/2012','p2',-9990,5,'',1,'Borja Segovia','/var/www/CWData/src/www/uploads/Clon_97_Casillas_75.jpg'),(98,'Mamabot','16/12/2012','p2',41,99,'http://www.reprap.org/wiki/Clone_Wars:_Papa_quiero_un_robot:_Mamabot',1,'Marcos Castillo','/var/www/CWData/src/www/uploads/Clon_98_mama_bot.png'),(99,'Lucas Clon','14/12/2012','p2',55,37,'',1,'Antonio J. Lucas','/var/www/CWData/src/www/uploads/Clon-99-lucas-clon.jpg'),(100,'ANYA','01/11/2012','p2',9,3,'',1,'Jose Luis Martinez','/var/www/CWData/src/www/uploads/Clone_100_ANYA.jpg'),(101,'Cauldron','19/12/2012','p2',52,28,'http://www.reprap.org/wiki/Clone_wars:_Cauldron',1,'José Ramón (JRmaciasCW)','/var/www/CWData/src/www/uploads/20130108_Cauldron_21.jpg'),(102,'aFroman-3D','19/12/2012','printrbot 2',-9995,28,'http://www.reprap.org/wiki/Clone_wars:_aFroman-3D',1,'Agustín Fernández (AromanCW)','/var/www/CWData/src/www/uploads/Clon_100_2_aFroman-3D.jpg'),(103,'Estherterrestre','19/12/2012','printrbot 2',16,33,'',1,'Angel','/var/www/CWData/src/www/uploads/Clon_100_03_Estherterrestre.jpg'),(104,'Stitch','20/12/2012','printrbot 2',16,28,'',1,'Santiago López','/var/www/CWData/src/www/uploads/Clon-100.04-stitch_.jpg'),(105,'Cerberus','21/12/2012','p2',46,28,'',1,'Carlos Medina Moreno','/var/www/CWData/src/www/uploads/Clon-100.05-Cerberus_.jpg'),(106,'Black Knight','21/12/2012','p2',42,28,'http://almodovar.org.es/prusa',1,'BLACK KNIGHT (Nuria y Vicente Almodovar)','/var/www/CWData/src/www/uploads/BlackKnight2.jpg'),(107,'Nazgul hijo de Manuela','28/12/2012','p2',10,20,'',1,'Ángel Andrés Lerena Pariente','/var/www/cw_big_data/uploads/Nazgul_hijo_de_manuela.jpg'),(108,'Lexmark hijo de Gandalf','15/12/2012','p2',29,8,'',1,'Alex Jimenez','/var/www/CWData/src/www/uploads/Clone-108-Lexmark_printer.png'),(109,'Grecobot','25/12/2012','p2',55,45,'',1,'César Rangil','/var/www/CWData/src/www/uploads/Grecobot.JPG'),(110,'Benlliure','27/12/2012','p2',17,19,'',1,'Jose Antonio Quevedo Muñoz','/var/www/CWData/src/www/uploads/pendiente.jpg'),(111,'Magrathea','28/12/2012','p3_box',-99999,28,'http://www.reprap.org/wiki/Clone_wars:Impresora_Magrathea',1,'Mario Camou','/var/www/CWData/src/www/uploads/CWMagrathea.JPG'),(112,'Tachikoma','28/12/2012','p2',7,35,'',1,'Jonás Rodriguez Placeres','/var/www/CWData/src/www/uploads/Togusha.jpg'),(113,'Esfinger','28/12/2012','p2',4,13,'',1,'Francisco Javier García','/var/www/CWData/src/www/uploads/Esfinger_printer.jpg'),(114,'Pirate','28/12/2012','p2',17,15,'',1,'Santiago Prego','/var/www/CWData/src/www/uploads/Impresora_santiago_prego.jpg'),(115,'Bruno','30/12/2012','printrbot',41,50,'',1,'Daniel Ferrer','/var/www/CWData/src/www/uploads/Impresora_Bruno.JPG'),(116,'Renovatio','31/12/2012','printrbot',17,-1,'http://www.reprap.org/wiki/Clone_Wars:_Impresora_Renovatio',1,'Julio Galarón','/var/www/CWData/src/www/uploads/Impresora_renovatio.jpg'),(117,'RinceWind','31/12/2012','portabee',53,47,'',1,'Jose Luis del Olmo (Macnetic)','/var/www/CWData/src/www/uploads/Porta33.jpg'),(118,'X','01/01/2013','p2',9,8,'',1,'Jaume G.','/var/www/CWData/src/www/uploads/ClonX-Jaume.g_.jpg'),(119,'PocketP3D','03/01/2013','p2',9,28,'',1,'Julian Carrillo','/var/www/CWData/src/www/uploads/pendiente3.jpg'),(120,'Exoudina3D','04/01/2013','p2',55,18,'',1,'Juanma (Exodous)','/var/www/CWData/src/www/uploads/Impresora_Exoudina3D.jpg'),(121,'3D-JAM','06/10/2012','p2',29,50,'',1,'Enrique Martinez','/var/www/CWData/src/www/uploads/3D-JAM.jpg'),(122,'Telchar, Extrusor de Mithril','16/01/2013','p2',30,29,'http://www.reprap.org/wiki/Clone_wars:_Telchar',1,'Paco Martos (Paclón)','/var/www/CWData/src/www/uploads/Telchar.JPG'),(123,'Khan','16/01/2013','p2',26,50,'',1,'Ignacio Mora','/var/www/CWData/src/www/uploads/Khan.jpg'),(124,'Queen Mother','20/11/2012','p2',9,8,'http://www.reprap.org/wiki/Clone_Wars:_Impresora_Queen_Mother',1,'Sjædric Moreno','/var/www/CWData/src/www/uploads/Prusita2.jpg'),(125,'GrBot-3D','19/01/2013','p2',-9983,18,'http://www.reprap.org/wiki/Clone_Wars:_Impresora_GrBot3D',1,'Federico Coca','/var/www/CWData/src/www/uploads/Jedi_GrBot3D.jpg'),(126,'Blue_Blood','19/01/2013','p2',4,28,'',1,'Jorge Fernández','/var/www/CWData/src/www/uploads/Blue_Blood.JPG'),(127,'LdMPrinter-R-01','23/01/2013','p2',-99999,30,'',1,'Gonzalo Hernández','/var/www/CWData/src/www/uploads/Foto_LdMPrinter_R_01.jpg'),(128,'Blue demon','24/01/2013','p2',-100000,99,'',1,'Daniel Mercado','/var/www/CWData/src/www/uploads/BD.jpg'),(129,'Doke','27/01/2013','p2',39,48,'',1,'David Deza y Nerea Calvo','/var/www/CWData/src/www/uploads/Dokesprinter.JPG'),(130,'G-Cast','28/01/2013','p2',4,99,'',1,'MioCid (Fabian Vargas)','/var/www/CWData/src/www/uploads/IMG_1876.jpg'),(131,'ChUnthor','22/01/2013','printrbot 2',41,8,'',1,'Ocellet y Javier Pajares','/var/www/CWData/src/www/uploads/13_-_4.jpg'),(132,'Robotín','26/01/2013','p2',73,38,'',1,'Julián García Roger','/var/www/CWData/src/www/uploads/129.jpg'),(133,'Ronquío','28/01/2013','p2',35,23,'http://reprap.org/wiki/Clone_wars:_Ronqu%C3%ADo',1,'José Antonio Pérez Caparrós','/var/www/CWData/src/www/uploads/Clon_133_Ronquio.jpg'),(134,'Giskard','29/01/2013','p3_box',90,50,'',1,'Asimov','/var/www/cw_big_data/uploads/300px-Impresora_giskard.jpg'),(135,'Hydra','30/01/2013','p2',32,8,'',1,'Sergi Pérez Labernia','/var/www/CWData/src/www/uploads/Hydra_foto3.jpg'),(136,'Prusacervi','12/02/2013','p2',53,28,'',1,'Cacer','/var/www/CWData/src/www/uploads/PrusaCervi.jpg'),(137,'Ladelprint','30/01/2013','p2',32,15,'',1,'David Pousada','/var/www/CWData/src/www/uploads/Ladelprint.jpg'),(138,'EA5','30/01/2013','p2',4,30,'',1,'Pablo Otón Zamora','/var/www/CWData/src/www/uploads/EA5PABLO.png'),(139,'Plottercin3d','27/01/2013','.1',44,28,'',1,'Carlos García Fernámdez CgarciaWC','/var/www/CWData/src/www/uploads/IMG_20130315_212951.jpg'),(140,'Jar Jar','01/02/2013','p2',4,20,'',1,'Lizar Azkune','/var/www/CWData/src/www/uploads/JarJar2.jpg'),(141,'El Trasto','03/02/2013','p2',4,28,'http://www.reprap.org/wiki/Clone_wars:Impresora_Trasto',1,'Jorge Herrero Esteban-Infantes','/var/www/CWData/src/www/uploads/El_trasto.JPG'),(142,'Bruniik','05/02/2013','p2',55,8,'',1,'Adrian R. (adroqui)','/var/www/CWData/src/www/uploads/pendiente6.jpg'),(143,'Avatar','10/02/2013','p2',125,18,'',1,'Juan Robles','/var/www/CWData/src/www/uploads/Avatar_jedim.jpg'),(145,'SprintFull','01/02/2013','p2',55,28,'',1,'SkilFull','/var/www/CWData/src/www/uploads/SprintFull.png'),(146,'Abarth.','12/12/2012','p2',4,3,'',1,'Josep Balaguer','/var/www/CWData/src/www/uploads/Abarthi2.jpg'),(147,'Fradesamolder','10/02/2013','p2',29,15,'',1,'Juan Rodríguez (JrodriCW)','/var/www/CWData/src/www/uploads/Fradesamolder.jpg'),(148,'Shmi Skywalker.','10/02/2013','p2',10,31,'',1,'Nicholas Dawe','/var/www/CWData/src/www/uploads/150px-Shmi_skywalker_b1.jpg'),(149,'LEM','04/02/2013','p2',55,30,'',1,'delcotron','/var/www/CWData/src/www/uploads/pendiente7.jpg'),(150,'MeMe','16/02/2013','p3_box',134,50,'http://www.farynozzle.com',1,'Carlos Monreal','/var/www/cw_big_data/uploads/MeMe.JPG'),(152,'PenBot','09/02/2013','p2',17,2,'',1,'Manuel Hidalgo (leobot)','/var/www/CWData/src/www/uploads/FotoPenBot.jpg'),(153,'Ger-truder','20/02/2013','printrbot 2',41,4,'http://www.reprap.org/wiki/Clone_wars:_Impresora_Ger-truder',1,'Antonio Campos','/var/www/CWData/src/www/uploads/Ger-truder-nacimiento.jpg'),(154,'Wicket W. Warrick','21/02/2013','p2',17,8,'http://www.reprap.org/wiki/Clone_wars:_Impresora_Wiket',1,'Juan Carlos Gavari Starkie','/var/www/CWData/src/www/uploads/Impresora2.jpg'),(155,'Cazurra','20/09/2013','p2',2,24,'',1,'Jose Angel (jakolete)','/var/www/cw_big_data/uploads/20121130_201247.jpg'),(156,'Icaro','22/02/2013','p2',-99999,3,'',1,'Jose Manuel Martinez Ortega','/var/www/CWData/src/www/uploads/PrusaIcaro.JPG'),(157,'Butana','24/02/2013','p2',46,28,'https://plus.google.com/photos/116817292850753768933/albums/5848989618489488385?authkey=CJK2ibT27Nvm2wE',1,'Fernando Bueno','/var/www/CWData/src/www/uploads/Butana.jpg'),(158,'Nida','10/02/2013','p2',39,28,'http://reprap.org/wiki/User:JvitonCW',1,'JJViton','/var/www/cw_big_data/uploads/La_foto5.JPG'),(159,'Starken','20/02/2013','p2',4,47,'',1,'Jose Hevia','/var/www/CWData/src/www/uploads/Starken_big.JPG'),(160,'Green Hornet','26/02/2013','p2',30,38,'',1,'Andrés González Prérez','/var/www/CWData/src/www/uploads/Impresora_greenhornet.jpg'),(161,'Ima','28/02/2013','p2',4,13,'',1,'Marciano de la Hoz','/var/www/CWData/src/www/uploads/20131007_110939.jpg'),(162,'Tramuntana3D','03/02/2013','p3_alu',90,17,'',1,'Lluís Vilarrúbies','/var/www/cw_big_data/uploads/Tramuntana3D.jpg'),(163,'Hoth I','19/02/2013','p2',7,46,'',1,'Pau Chafer','/var/www/CWData/src/www/uploads/ImpresorahothI.JPG'),(164,'Ariel','02/03/2013','p3_box',134,46,'',1,'Arturo Sancho','/var/www/cw_big_data/uploads/Ariel-i3_WEB.jpg'),(165,'Goliath','01/03/2013','printrbot',43,48,'',1,'David Gonzalez (Ghosthawk)','/var/www/CWData/src/www/uploads/pendiente8.jpg'),(166,'Kaza','03/03/2013','printrbot 2',29,36,'',1,'Valentín Cancelas, Gonzalo Alonso','/var/www/CWData/src/www/uploads/ImpresoraKAZA.png'),(167,'Draco','03/02/2013','p2',-99999,99,'',0,'Eduardo Alvarez','/var/www/CWData/src/www/uploads/DSC022971.JPG'),(168,'Cacharro','08/03/2013','printrbot 2',29,43,'',1,'Ark','/var/www/CWData/src/www/uploads/Cacharro-600px.png'),(169,'C-Wing','09/03/2013','p3_alu',75,8,'',1,'Chema','/var/www/CWData/src/www/uploads/pendiente10.jpg'),(170,'B-Ri2-D2','10/03/2013','p2',-99999,29,'',1,'Israel Berrido Subires y Alejandro Berrido Suibires','/var/www/CWData/src/www/uploads/pendiente11.jpg'),(171,'Jendrinator','12/03/2013','p2',53,43,'',1,'AchornetCW (Adria Chornet)','/var/www/CWData/src/www/uploads/2013-04-05_15.58_.jpg'),(172,'Oktopus','01/03/2013','p2',4,28,'',1,'sbarrasCW (Sergio Barras)','/var/www/CWData/src/www/uploads/Oktopus2.jpg'),(173,'UCOprinter','19/01/2013','p2',55,29,'',1,'Exergy123','/var/www/CWData/src/www/uploads/pendiente13.jpg'),(174,'Pepabot','19/01/2013','p2',55,29,'',1,'Juanma Tirado','/var/www/CWData/src/www/uploads/pendiente14.jpg'),(175,'Z-Wing','19/01/2013','p2',55,29,'',1,'Exergy123','/var/www/CWData/src/www/uploads/pendiente15.jpg'),(176,'AT-TE_LDP','21/03/2013','p2',13,28,'',1,'Pedro Ortego','/var/www/CWData/src/www/uploads/Ldp.jpg'),(177,'Ribosome','19/03/2013','p3_box',17,28,'http://www.reprap.org/wiki/Clone_wars:_Impresora_Ribosome',1,'yOPERO','/var/www/CWData/src/www/uploads/510px-Ribosome1.jpg'),(178,'Prusikito','22/03/2013','p2',10,28,'http://www.reprap.org/wiki/Clone_wars:_Impresora_Prusikito',1,'Fernando Murillo y Elena de Pedro','/var/www/cw_big_data/uploads/Prusikito.jpg'),(179,'Skullpt','24/03/2013','p2',-99999,41,'',1,'RalvarezCW','/var/www/CWData/src/www/uploads/Skullpt_Foto.jpg'),(180,'Clockwork Orange','03/03/2013','p2',106,31,'',1,'Xherry','/var/www/CWData/src/www/uploads/Clockwork_Orange.jpg'),(181,'VENTURPRINT','23/03/2013','p2',134,28,'',1,'Carlos Lamparero','/var/www/cw_big_data/uploads/Venturprint_Jedi2.jpg'),(182,'Iron Hide 3.0','','p3_alu',-99999,6,'',1,'Ismael De Migel Cantero','/var/www/CWData/src/www/uploads/250px-IronHide30.jpg'),(183,'TKL 1.0','21/03/2013','p2',75,28,'',1,'Angel Fdez (Trocolo)','/var/www/CWData/src/www/uploads/200px-Tkl.jpg'),(184,'Kalos','28/03/2013','p3_alu',51,11,'',1,'Mariano Dapía (@iPadNanito)','/var/www/CWData/src/www/uploads/200px-KalosW.JPG'),(185,'Gort','03/04/2013','p3_alu',17,28,'http://www.reprap.org/wiki/Clone_wars:Impresora_Gort/es',1,'Jose M. Martín','/var/www/CWData/src/www/uploads/515px-Gort_201309.jpg'),(186,'Print Floyd','07/04/2013','p2',121,50,'',1,'Jorge Pascual','/var/www/CWData/src/www/uploads/150px-FotoPrintFloyd.jpg'),(187,'Super 8','29/03/2013','p3_alu',79,15,'',1,'Xoan Sampaiño','/var/www/CWData/src/www/uploads/2013-05-08_15.47_.43_.jpg'),(188,'BruceIsPrinting','10/04/2013','p2',79,15,'',1,'Pinwi','/var/www/CWData/src/www/uploads/200px-Bruce.jpg'),(189,'Capitan Crunch','12/04/2013','p2',32,15,'',1,'Miguif (Miguel Federico)','/var/www/CWData/src/www/uploads/270px-Capitanestado.jpg'),(190,'R4i3','13/04/2013','p3_alu',13,28,'http://www.iearobotics.com/wiki/index.php?title=Impresora_3D:_R4i3',1,'Obijuan','/var/www/CWData/src/www/uploads/R4i3.jpg'),(191,'Zoltan','14/04/2013','p2',101,28,'',1,'Alberto Otero','/var/www/CWData/src/www/uploads/pendiente2.jpg'),(192,'SAV Vader','13/04/2013','p3_alu',136,28,'',1,'Cacer','/var/www/CWData/src/www/uploads/200px-SAV_Vader.jpg'),(193,'WALL-E (Nº7)','06/04/2013','p3_alu',9,28,'',1,'Miguel Angel Berna Alberola (MABLACK )','/var/www/CWData/src/www/uploads/150px-WALLE.JPG'),(194,'Printy','17/04/2013','p2',155,24,'',1,'Ruben Ferrero','/var/www/CWData/src/www/uploads/150px-Printy.jpg'),(195,'Paco Prime','20/04/2013','p2',-99999,29,'',1,'David Leal','/var/www/CWData/src/www/uploads/pendiente16.jpg'),(196,'Dalek_Sec','22/04/2013','p2',59,28,'',1,'Manu Barranco','/var/www/CWData/src/www/uploads/250px-Dalek_sec_foto.jpg'),(197,'Eprintnefrina','18/04/2013','prusa mendel',-99999,52,'',1,'Maria Lopez y Angel Ruiz','/var/www/CWData/src/www/uploads/eprintnefrina.jpg'),(198,'Nabla','30/04/2013','p2',125,18,'',1,'Miguel Angel Berna Alberola (MABLACK )','/var/www/CWData/src/www/uploads/250px-Nabla.jpg'),(199,'Spica','19/03/2013','p3_alu',94,28,'',1,'Adrián Alonso User: Aalonso - Luis Macías User: LmaciasCW','/var/www/CWData/src/www/uploads/150px-Spica01.jpg'),(200,'CopyPrintBot','02/05/2013','p2',53,8,'',1,'Grunin Nano','/var/www/CWData/src/www/uploads/pendiente18.jpg'),(201,'Printfles','28/04/2013','p2',-99999,28,'',1,'Pablo Bosch','/var/www/CWData/src/www/uploads/200px-Printfles_3.jpg'),(202,'Grillo','25/04/2013','portabee',-9982,28,'http://www.reprap.org/wiki/File:PortaBee-Grillo.jpg',1,'Miguel Herranz','/var/www/CWData/src/www/uploads/PortaBee-Grillo1.jpg'),(203,'NeuroBot','04/05/2013','p2',143,18,'http://reprap.org/wiki/Clone_Wars:_Impresora_NeuroBot',1,'JtorralbaCW (Jose M Torralba)','/var/www/CWData/src/www/uploads/neurobot.png'),(204,'Blu3','04/05/2013','p2',52,28,'',1,'Grupo M2 Asociación de Robótica Educativa Complubot','/var/www/CWData/src/www/uploads/pendiente19.jpg'),(205,'Sin título 1','05/05/2013','p3_alu',-99999,39,'',1,'OskarLGS','/var/www/CWData/src/www/uploads/pendiente20.jpg'),(206,'Gades','05/05/2013','p2',30,11,'',1,'Rafa Pinilla','/var/www/CWData/src/www/uploads/150px-Prusa_2_GADES_1imp.jpg'),(207,'Prusimus Prime','08/05/2013','p3_box',256,8,'',1,'Ariadna Trueba y Juan Pedro López','/var/www/CWData/src/www/uploads/pendiente21.jpg'),(208,'Robotijo','09/04/2013','.1',23,3,'',1,'Paco Martinez','/var/www/CWData/src/www/uploads/pendiente1.jpg'),(209,'Daisy','12/05/2013','p2',49,28,'',1,'Sergio García','/var/www/CWData/src/www/uploads/150px-DAISY.jpg'),(210,'Delorean','12/05/2013','p3_box',90,38,'',1,'Jose Julio','/var/www/CWData/src/www/uploads/Prusa_i3_mini.jpg'),(211,'Chubaca','16/05/2013','printrbot',7,28,'',1,'Enrique Martinez','/var/www/CWData/src/www/uploads/PrintrBot_cableada.jpg'),(212,'Destriers','18/05/2013','p2',122,29,'',1,'Jose Raul Montero','/var/www/CWData/src/www/uploads/Destriers.jpg'),(213,'Le Corbu','25/05/2013','p2',41,50,'',1,'Alberto Martinez','/var/www/CWData/src/www/uploads/Corbusi.jpg'),(214,'Roy Batty','08/05/2013','p2',49,1,'',1,'Juan Moreno','/var/www/CWData/src/www/uploads/RoyBatty.JPG'),(215,'Bolisa','29/04/2013','p2',134,50,'',1,'Cipri Ballester','/var/www/cw_big_data/uploads/Bolisa.JPG'),(216,'Orion','30/09/2012','prusa air 2',-9996,28,'',1,'Daniel Lopez','/var/www/CWData/src/www/uploads/OrionNoB.jpg'),(217,'Toxina','15/04/2013','p2',-99999,39,'',1,'Vicente Centeno (ChentinoX)','/var/www/CWData/src/www/uploads/Toxina.jpg'),(218,'SpongeBot Reloaded','01/06/2013','p3_alu',187,15,'',1,'Alejandro Taracido (TCRobotics)','/var/www/CWData/src/www/uploads/565px-Clon-217-SpongeBot_Reloaded_.png'),(219,'Sprintfield','31/05/2013','p2',30,41,'',1,'Alvaro Luna (AlunaCW)','/var/www/CWData/src/www/uploads/Prusai2sprint.jpg'),(220,'Geth','09/09/2013','p3_alu',135,8,'',1,'José María Garrocho (Jmgarrocho)','/var/www/CWData/src/www/uploads/220.jpg'),(221,'IG-88','10/06/2013','p2',79,15,'liceoartabro.wordpress.com',0,'Xarpe Serpe','/var/www/CWData/src/www/uploads/PA110015.JPG'),(222,'Nono','10/06/2013','p3_alu',208,3,'',1,'Paco Gallud','/var/www/CWData/src/www/uploads/222.jpg'),(223,'TelarBot','07/06/2013','p2',90,50,'',1,'Julian Garcia','/var/www/cw_big_data/uploads/TelarBot1.jpg'),(224,'Gutenberg','18/05/2013','p3_alu',29,50,'',1,'Javier Montesa, José Luis Poza y Ricardo Pérez','/var/www/CWData/src/www/uploads/Gutemberg.jpg'),(225,'Imprusora Filosofal','18/06/2013','p3_alu',134,28,'',1,'Sergio MC','/var/www/cw_big_data/uploads/Imprusora_Filosofal.jpg'),(226,'vinciBot reloaded','18/06/2013','p3_alu',17,29,'',1,'F. Malpartida (fm)','/var/www/CWData/src/www/uploads/VinciBot_reloaded.JPG'),(227,'Bender 1.0','29/06/2013','p2',134,21,'',1,'Iván Ramírez Beltrán','/var/www/cw_big_data/uploads/Bender_1.0_.JPG'),(228,'Proteus','30/06/2013','p2',-99999,16,'',1,'PlahuertaCW','/var/www/CWData/src/www/uploads/000116.jpg'),(229,'deLOReAn','17/06/2013','prusa air 2',-99999,41,'',1,'Enrique González Lafuente (QueNoWert)','/var/www/CWData/src/www/uploads/DELOREAN.jpg'),(230,'Malospelos','02/07/2013','p2',30,28,'',1,'Felix Arias','/var/www/CWData/src/www/uploads/00000.jpg'),(231,'CL4P-TP','15/06/2013','p2',-99999,8,'',1,'Martí Serra (XvapX)','/var/www/CWData/src/www/uploads/Cl4p-tp.jpg'),(232,'Forrata','06/07/2013','p2',4,28,'',1,'David Alonso (DAlonsoCW)','/var/www/CWData/src/www/uploads/Cl4p-tp1.jpg'),(233,'Prisma IT3','15/07/2013','p3_alu',122,29,'',1,'prisma_cw','/var/www/CWData/src/www/uploads/IMG-20131005-WA00003.jpg'),(234,'Ewok','06/07/2013','p2',-99999,17,'',1,'Sushimarc','/var/www/CWData/src/www/uploads/EWOK_IT2.JPG'),(235,'Solo','16/07/2013','p2',7,17,'http://www.reprap.org/wiki/Clone_wars:Impresora_J%26JSolo',1,'Josep Ponce [tra7montana]','/var/www/CWData/src/www/uploads/Solo_001_Thumb.jpg'),(236,'Tatu','25/06/2013','p3_alu',-99999,17,'',1,'Tatuin','/var/www/CWData/src/www/uploads/236.jpg'),(237,'Cargolet de l\'Oest','17/07/2013','p2',-99999,25,'',1,'Adell_87','/var/www/CWData/src/www/uploads/DSC_0027.jpg'),(238,'FrankenPrusa','01/06/2013','p2',181,9,'',1,'Juan García Rodríguez / David Mayor Fernandez','/var/www/CWData/src/www/uploads/pendiente23.jpg'),(239,'NOA Prusa','29/06/2013','p2',99,49,'',1,'Adolfo Castaño','/var/www/CWData/src/www/uploads/IMG_20131006_180937.jpg'),(240,'Imprusiño','03/05/2013','p2',7,15,'',1,'Iván, Kevin, Pablo, María, Rita, Cris e Lydia','/var/www/CWData/src/www/uploads/ImprusinhoConPeza.jpg'),(241,'Tantive IV','20/07/2013','p2',140,20,'',1,'Victor Barahona - Sir Galaxy','/var/www/CWData/src/www/uploads/DSC_0417.jpg'),(242,'PrusaMod','30/06/2013','p2',217,39,'',1,'Vicente Centeno (ChentinoX)','/var/www/CWData/src/www/uploads/2013-07-27-1660.jpg'),(243,'General Grevious Prusa II','03/07/2013','p2',125,18,'',1,'Juan Carlos Joya Clares','/var/www/CWData/src/www/uploads/General_grevious_prusa_II.jpg'),(244,'TalaPrusa','11/08/2013','p3_alu',-99999,45,'',1,'Antonio Navarro','/var/www/CWData/src/www/uploads/TalaPrusa.png'),(245,'K-9-YA','22/08/2013','p3_alu',64,9,'',1,'*Desconocido','/var/www/CWData/src/www/uploads/300px-K-9-YA.JPG'),(246,'La Isla 3D','11/08/2013','p3_alu',-99999,11,'http://www.reprap.org/wiki/Clone_Wars:_Impresora_LA_ISLA_3D',1,'Abdón Crespo Sánchez (AcrespoCW)','/var/www/CWData/src/www/uploads/PrusaI3.jpg'),(247,'Paxpan 3D','25/08/2013','p3_alu',-99999,1,'',1,'Guillermo Velasco (GvelascoCW)','/var/www/CWData/src/www/uploads/Paxpan3dimp.jpg'),(248,'B.E.N','20/08/2013','p2',4,28,'',1,'Rafael','/var/www/CWData/src/www/uploads/pendiente24.jpg'),(249,'Winebot','16/08/2013','p3_alu',-99999,30,'',1,'Pedro Perez','/var/www/CWData/src/www/uploads/Winebot2.png'),(250,'Magic Mirror Prusa','26/08/2013','p2',-99999,36,'',1,'JpinedoCW (José Pinedo)','/var/www/CWData/src/www/uploads/MagicMirrorPrusa.jpg'),(251,'The Red Baron','01/09/2013','p3_alu',106,28,'http://almodovar.org.es/prusa',1,'BLACK KNIGHT (Nuria y Vicente Almodovar)','/var/www/CWData/src/www/uploads/The_Red_baron.JPG'),(252,'RedSkin','','p2',191,41,'',1,'*Desconocido','/var/www/CWData/src/www/uploads/IMAG0691.jpg'),(253,'BobMarlin','17/09/2013','p3_alu',-99999,43,'',1,'Robertmika','/var/www/CWData/src/www/uploads/BobMarlin.jpg'),(254,'Kyle','22/08/2013','p2',-99999,15,'http://www.reprap.org/wiki/Clone_Wars:Impresora_kyle',0,'Alejandro Nieto','/var/www/CWData/src/www/uploads/Kyle_22-08-2013.jpg'),(255,'Boneca','23/09/2013','p3_alu',187,15,'',1,'Pablo Blanco','/var/www/CWData/src/www/uploads/Boneca.png'),(256,'Herbie','25/09/2013','p3_box',134,50,'',1,'Asimov','/var/www/CWData/src/www/uploads/herbie.png'),(257,'Leonardo','05/04/2013','p3_steel',90,50,'',1,'irobri','/var/www/CWData/src/www/uploads/IMG_1290.JPG'),(258,'Genghis Khan','10/06/2013','p2',42,28,'http://www.iearobotics.com/wiki/index.php?title=Impresora_3D:_R4i3',1,'Asociación Electrónica EUITT UPM','/var/www/CWData/src/www/uploads/Prusamendel_gengiskhan.JPG'),(259,'Fronkostein','29/09/2013','p3_alu',150,50,'http://www.dlabs.co',1,'Raspujuan','/var/www/CWData/src/www/uploads/1268032_10202259156705451_1012250702_o.jpg'),(260,'Prussycat','10/07/2013','.1',41,50,'',1,'Feliprint','/var/www/CWData/src/www/uploads/22062013612.JPG'),(261,'Chaprusa','01/09/2013','.1',260,36,'',1,'Cuña','/var/www/CWData/src/www/uploads/18082013750.jpg'),(262,'Gladiator','16/09/2013','p3_alu',187,15,'',1,'Daniel López García','/var/www/CWData/src/www/uploads/gladiator.jpg'),(263,'Repemaker T25','30/03/2013','Repemaker',59,29,'http://www.makealo.com',1,'Jose Gemez','/var/www/CWData/src/www/uploads/repemaker.png'),(264,'Exar','25/02/2013','rostock',59,29,'http://www.makealo.com',0,'Jose Gemez','/var/www/CWData/src/www/uploads/exar.jpg'),(265,'Chrono','21/07/2013','p2',10,47,'',1,'Samuel Ureta, Miguel Ampudia y Roberto López','/var/www/CWData/src/www/uploads/DSC_2766.jpg'),(266,'Repemaker 1.02','01/09/2013','Repemaker',263,29,'www.makealo.com',1,'Jose Gemez','/var/www/CWData/src/www/uploads/B.jpg'),(267,'3D Trinity','11/12/2012','p2',-9993,7,'https://twitter.com/3DTrinity',1,'Mejias3D - Jorge Mejías Cazorla','/var/www/CWData/src/www/uploads/3DTrinity-CloneWars.jpg'),(268,'BBBot','01/03/2013','p3_alu',29,50,'',1,'Alberto Valero','/var/www/CWData/src/www/uploads/SAM_1276.JPG'),(269,'Rodolfredo','12/12/2012','p2',-100000,3,'http://www.josedelvalle.es/Rodolfredo',1,'Jose del Valle','/var/www/CWData/src/www/uploads/Rodolfredo.jpg'),(270,'Green Arrow','10/08/2013','p2',267,46,'www.3Dmatic.es',1,'David Moreno','/var/www/CWData/src/www/uploads/Green_Arrow-CloneWars.jpg'),(271,'ASPrusa','26/08/2013','p2',4,34,'http://www.astinta.com',1,'Daniel Garcia Aparicio - danielgap','/var/www/CWData/src/www/uploads/asprusa.jpg'),(272,'Terminus','01/10/2013','p2',55,29,'',1,'CanicaCW','/var/www/CWData/src/www/uploads/image1.jpg'),(273,'Ares','08/10/2013','p3_alu',-99999,28,'',1,'Tania','/var/www/CWData/src/www/uploads/ares.jpg'),(274,'PECEANPE','15/09/2013','p2',223,41,'http://peceanpe.blogspot.com.es/',1,'PmartinCW','/var/www/CWData/src/www/uploads/pendiente25.jpg'),(275,'Prometheus','15/10/2013','p2',10,28,'',1,'Carlos Flores Álvarez','/var/www/CWData/src/www/uploads/BWTR85kIYAAX1dS.jpg'),(276,'hansolo','15/10/2013','p3_alu',-100000,24,'',1,'jorgediez','/var/www/CWData/src/www/uploads/hansolo.jpg'),(277,'PrintexD','13/10/2013','Prusa 3 metacrilato',187,6,'',1,'Sebastian Gallardo','/var/www/CWData/src/www/uploads/Printexd.jpg'),(278,'SilviBot3D','15/10/2013','p3_alu',-99999,21,'',1,'Rubén Pedraza','/var/www/CWData/src/www/uploads/SilviBot3D.jpg'),(279,'3x','23/09/2013','p3_alu',79,99,'',1,'DDREAM','/var/www/CWData/src/www/uploads/Kamaq_3D.jpg'),(280,'WhitePrawn','18/10/2013','p3_alu',165,21,'',1,'Manuel Fernández','/var/www/CWData/src/www/uploads/WhitePrawn.jpg'),(281,'zeta','23/10/2013','p3_box',187,4,'',1,'xz81','/var/www/CWData/src/www/uploads/2013-10-23_10.55_.24_.jpg'),(282,'Element 115','30/10/2013','p3_alu',26,39,'www.RepRapZ.com',1,'LUCAS ','/var/www/CWData/src/www/uploads/DSC_0214.jpg'),(283,'Pluton','18/10/2013','printrbot 2',175,31,'',1,'Eduardo Múgica','/var/www/CWData/src/www/uploads/Pluton1.jpg'),(284,'Prusabrañas','04/11/2013','p3_alu',-100000,15,'',1,'Abrañas','/var/www/CWData/src/www/uploads/PrusaI31.jpg'),(285,'R8-LOTUS','16/08/2013','p2',53,28,'',1,'rcrele','/var/www/CWData/src/www/uploads/R8-Lotus21.jpg'),(286,'Butana Remix Tricolore','11/11/2013','p3_alu',157,28,'https://plus.google.com/photos/116817292850753768933/albums/5848989618489488385?authkey=CJK2ibT27Nvm2wE',1,'Fernando Bueno','/var/www/CWData/src/www/uploads/Butana_Remix_Tricolore.jpg'),(287,'Lúbrico Clónico','03/10/2013','p2',-100000,-1,'http://conicio3d.blogspot.com.es/',1,'conicio','/var/www/CWData/src/www/uploads/2013-10-04_14.38_.14_.jpg'),(288,'CHEWAAKA','08/10/2013','p3_alu',168,43,'',0,'Pedro Perez','/var/www/CWData/src/www/uploads/chewaaka.jpg'),(289,'InstalBot','16/11/2013','p2',134,28,'https://groups.google.com/d/msg/asrob-uc3m-impresoras-3d/uGPSvl-bCEg/sew_Y_UfGiEJ',1,'paramarco','/var/www/CWData/src/www/uploads/IMG_20131117_010204.jpg'),(290,'TORCAL','20/10/2013','RepRap BCN',26,28,'',1,'Paco Ríos','/var/www/CWData/src/www/uploads/Torcal_inscripcion_1.jpg'),(291,'YODA','01/12/2013','Prusa i3',187,46,'http://www.reprap.org/wiki/User:TCalsCW',1,'Tio Cals (Carlos Milio)','/var/www/CWData/src/www/uploads/logo_proyecto_YODA.png'),(292,'The Purpple Angel','16/11/2013','p3_alu',133,4,'',1,'José Antonio Pérez Caparrós','/var/www/CWData/src/www/uploads/The_Purpple_Angel2.JPG'),(293,'La Forja','37/11/2013','p3_box',93,7,'',1,'Xavi Amengual','/var/www/CWData/src/www/uploads/forja_img.jpg'),(294,'Zeus','02/02/2014','Prusa i3',-100000,11,'http://www.reprap.org/wiki/Clone_wars:Impresora_Zeus',1,'Antonio Alcocer','/var/www/CWData/src/www/uploads/Zeus_zeus.jpg'),(295,'mAka','18/12/2013','.1',-100000,50,'https://sites.google.com/site/cosasdeluiso/maka',1,'sacamantecas','/var/www/CWData/src/www/uploads/mAka_1.jpg'),(296,'Alextrasza','16/12/2013','p3_steel',256,15,'',1,'Jbabio','/var/www/CWData/src/www/uploads/Alextrasza.jpg'),(297,'JM-Printer','26/12/2013','Prusa i3 Steel',127,45,'',1,'Gonzalo Hernández','/var/www/CWData/src/www/uploads/descarga.jpg'),(298,'Ingenio','27/12/2013','Prusa i3',187,28,'',1,'Fid','/var/www/CWData/src/www/uploads/Ingenio1.0_.jpg'),(299,'Ivan','29/12/2013','p2',134,1,'',1,'*Desconocido','/var/www/CWData/src/www/uploads/Impresora.jpg'),(300,'PowerCode_00','29/12/2013','.1',-100000,23,'',1,'Eduardo Alvarez','/var/www/CWData/src/www/uploads/PowerCode.jpg'),(301,'Bloodline Keeper (BKv1.0)','29/12/2013','p2',-99999,43,'',1,'GmaciasCW','/var/www/CWData/src/www/uploads/20131228_212350.jpg'),(302,'SUSI I','26/12/2013','repstrap',-100000,99,'https://groups.google.com/forum/#!topic/asrob-uc3m-impresoras-3d/Oj7RvYisLBY',1,'Alejandro Cuartas','/var/www/CWData/src/www/uploads/impresora.jpg'),(303,'E03','15/11/2013','p3_alu',223,12,'',1,'*Desconocido','/var/www/CWData/src/www/uploads/e03.jpg'),(304,'Prusa2_Mil_Leches','06/01/2014','p2',126,35,'http://www.iearobotics.com/wiki/index.php?title=Obijuan_Academy',1,'Sebas_War','/var/www/CWData/src/www/uploads/mil_leches1.JPG'),(305,'Tatooine','07/01/2014','p2',4,8,'',1,'Isaac Muro','/var/www/CWData/src/www/uploads/20140107_173451.jpg'),(307,'Golem','10/01/2014','Prusa i3 Steel',228,16,'',1,'PlahuertaCW','/var/www/CWData/src/www/uploads/IMG_20140110_000729.jpg'),(308,'Aiculina','04/01/2014','p3_steel',120,18,'',1,'Juanma (Exodous)','/var/www/CWData/src/www/uploads/aiculina.jpg'),(309,'Eireland','13/01/2014','Prusa 3 metacrilato',30,32,'',1,'Cardiako','/var/www/CWData/src/www/uploads/IMG_20140114_200316.jpg'),(310,'BliztCrank','15/01/2014','p2',122,-1,'',1,'SrTurtle','/var/www/CWData/src/www/uploads/DSC09648.JPG'),(311,'Ctrl-Z','02/08/2013','Prusa 3 metacrilato',187,36,'',1,'Unseulmot','/var/www/CWData/src/www/uploads/Ctrl-Z.jpg'),(312,'Breaking TAZ','12/01/2014','TAZ',311,36,'',1,'Mario Crespo','/var/www/CWData/src/www/uploads/Breaking_TAZ.jpg'),(313,'ter','08/07/2013','prusa i2',41,13,'',1,'andres castellanos (grem)','/var/www/CWData/src/www/uploads/00_ter8-7-2013_imprime_a_mina1.JPG'),(314,'mina','01/08/2013','prusa i2',313,50,'',1,'andres castellanos (grem)','/var/www/CWData/src/www/uploads/01_mina_1-8-2013.JPG'),(315,'Tröllslanda','12/03/2012','prusa i2',13,99,'',1,'Pedro Rivera','/var/www/CWData/src/www/uploads/150px-Libelulalogo.png'),(316,'Fab\'s Craft','26/01/2014','prusa i2',7,28,'',0,'Fabián','/var/www/CWData/src/www/uploads/20140126_152528.jpg'),(317,'PATUSA','18/01/2014','p3_alu',-99999,13,'',1,'PATMURT','/var/www/CWData/src/www/uploads/PATUSA_fondo_blanco.jpg'),(318,'AgroBot','29/01/2014','Prusa i3',187,15,'',1,'CgendeCW','/var/www/CWData/src/www/uploads/agrobot.jpg'),(319,'Sputnik','14/11/2013','p3_alu',-99999,49,'',1,'Héctor Pérez','/var/www/CWData/src/www/uploads/Sputnik_final.JPG'),(320,'Shai-Hulud','03/02/2014','Tantillus',185,28,'',1,'Jose M. Martín','/var/www/CWData/src/www/uploads/20140203_000752.jpg'),(321,'Nº5','04/02/2014','p2',-100000,36,'',1,'nautilux20','/var/www/CWData/src/www/uploads/SAM_0010.JPG'),(322,'chemynk','08/02/2014','prusa i2',-100000,99,'',1,'Guillermo Calderón','/var/www/CWData/src/www/uploads/DSC_05261.jpg'),(323,'CrAzYBoT C4B0','09/02/2014','p2',223,28,'',1,'Adrián Pérez','/var/www/CWData/src/www/uploads/prusa.jpg'),(324,'LID','09/02/2014','printrbot',-99999,20,'',1,'Ñako','/var/www/CWData/src/www/uploads/Lid.jpg'),(325,'Metaprint','09/02/2014','Prusa i3',-99999,11,'',1,'Miguelop24','/var/www/CWData/src/www/uploads/prus.jpg'),(326,'prusabor','18/12/2013','p2',223,42,'',1,'Julian Garcia','/var/www/CWData/src/www/uploads/Picture_3.jpg'),(327,'Parbul','10/10/2013','Prusa i3',-100000,99,'',1,'Emilio Sánchez Parbul','/var/www/CWData/src/www/uploads/printer2.jpg'),(328,'Aqui-no','28/01/2014','prusa i2',-99999,10,'',1,'Alcon','/var/www/CWData/src/www/uploads/Aqui-no.jpg'),(329,'Butana Smartrap Mini','15/02/2014','.1',286,28,'https://plus.google.com/photos/+FernandoBueno/albums/5848989618489488385?authkey=CJK2ibT27Nvm2wE',1,'Fernando Bueno','/var/www/CWData/src/www/uploads/2014-02-14_20.45_.55_.jpg'),(330,'CreaBot','23/02/2014','Prusa i3',-100000,28,'https://groups.google.com/forum/#!searchin/asrob-uc3m-impresoras-3d/Hoja$20de$20ruta/asrob-uc3m-impresoras-3d/7T8SaNit9Qw/Rm6BHUll3SsJ',1,'AngelLM','/var/www/CWData/src/www/uploads/creabot.jpg'),(331,'pink floyd','28/02/2014','Prusa 3 metacrilato',-100000,20,'',1,'pink floyd','/var/www/CWData/src/www/uploads/DSCN0909.JPG'),(332,'Kashyyyk','08/12/2013','p3_alu',-100000,20,'www.permaculturaaralar.com',1,'Victor Barahona - Sir Galaxy','/var/www/CWData/src/www/uploads/SANY0044.JPG'),(333,'3Doe','21/10/2013','Prusa i3',-99999,35,'',1,'furanshishouco','/var/www/CWData/src/www/uploads/3Doe_vp.jpg'),(334,'i3 Stryper','10/02/2014','Prusa 3 metacrilato',134,31,'http://www.reprap.org/wiki/Clone_Wars:_Impresora_Stryper',1,'LoKuS','/var/www/CWData/src/www/uploads/prusa_i3_stryper.jpg'),(335,'Pop','07/03/2014','FoldaRap 1.1',187,15,'',1,'Xoan Sampaiño','/var/www/CWData/src/www/uploads/2014-03-07_19.20_.39_.jpg'),(336,'Meiga','01/03/2014','rostock',187,32,'',1,'Pablo Soldavini','/var/www/CWData/src/www/uploads/20140212_140341.jpg'),(337,'PeaceKeeper','07/03/2014','PowerCode',300,8,'http://www.reprap.org/wiki/Clone_wars:Impresora_PeaceKeeper',1,'JRodrigo','/var/www/CWData/src/www/uploads/powercodeimpre.jpg'),(338,'Shin','08/03/2014','p3_alu',-99999,24,'',1,'Dv','/var/www/CWData/src/www/uploads/Mi_impresora_XD.jpg'),(339,'ALEX3D','15/01/2014','.1',-100000,3,'',1,'alex','/var/www/CWData/src/www/uploads/ALEX3D.JPG'),(340,'Abraxas','14/02/2014','.1',195,20,'',1,'David Leal','/var/www/CWData/src/www/uploads/corruption_of_eden_by_chaosfissure-d754pq5.jpg'),(341,'viajera','14/03/2014','Prusa i3',-100000,48,'',1,'inaki_orrantia','/var/www/CWData/src/www/uploads/2014-03-12_19.18_.35_.jpg'),(342,'LinareSteel','14/03/2014','p3_steel',-99999,23,'',1,'luisjchr','/var/www/CWData/src/www/uploads/DSC_1575.jpg'),(343,'Extrudator','09/03/2014','p3_alu',187,30,'',1,'David Arroyo','/var/www/CWData/src/www/uploads/IMG_20140310_201825.jpg'),(344,'Non-Bastar-D','21/02/2014','p2',126,8,'',1,'Juan Ginés González','/var/www/CWData/src/www/uploads/IMG_20140228_200527.jpg'),(345,'Bitaqer','23/01/2014','Prusa i3',-99999,28,'',1,'Bitaq','/var/www/CWData/src/www/uploads/Prusa_i3_500px.png'),(346,'SOMOS 1','21/03/2014','Prusa i3',-99999,28,'',1,'Alfonso Prieto (Foxterl)','/var/www/CWData/src/www/uploads/SOMOS_1_a.jpg'),(347,'Expósito Doblador Rodriguez','19/03/2014','Prusa i3',-100000,-1,'',1,'jaypeeu','/var/www/CWData/src/www/uploads/2014-03-19_20.20_.22_.jpg'),(348,'Big Purple','21/03/2014','Big Purple',-100000,13,'',1,'Z80user','/var/www/CWData/src/www/uploads/1404450_10202217457060321_1369777263_o.jpg'),(349,'P-500','27/03/2014','Prusa i3',226,29,'',1,'Francisco Morales','/var/www/CWData/src/www/uploads/IMG_20140727_203824.jpg'),(350,'S-117','19/09/2013','Prusa i3',135,8,'http://reprap.org/wiki/Clone_wars:_Impresora_S-117',1,'Sergi Pérez Labernia','/var/www/CWData/src/www/uploads/s117c.jpg'),(351,'/3RidG','31/03/2014','p3_box',26,23,'http://reprap.org/wiki/Proyecto_Clone_Wars/3Ridg',1,'AntonioBeta','/var/www/CWData/src/www/uploads/3Ridg.jpg'),(352,'Hyperion','31/03/2014','p3_alu',-99999,8,'',1,'Joan Carles Gil','/var/www/CWData/src/www/uploads/2014-04-01_00.41_.22_.jpg'),(353,'ZZYZX','11/04/2014','Prusa i3',180,31,'',1,'Asiertxo','/var/www/CWData/src/www/uploads/IMG_20140325_193529355.jpg'),(354,'Dalek One','14/04/2014','p3_steel',187,15,'',1,'Carlos Temes (CtemesCW)','/var/www/CWData/src/www/uploads/DalekOne.jpg'),(355,'T-800','16/08/2013','PowerCode',226,29,'',1,'F. Malpartida (fm)','/var/www/CWData/src/www/uploads/T-800.jpg'),(356,'Arale','21/04/2014','p2',4,-1,'',1,'*Desconocido','/var/www/CWData/src/www/uploads/2014-04-03_14.00_.21_.jpg'),(357,'Merlín','05/04/2014','Prusa i3',-100000,99,'http://zironidlab.wordpress.com/2014/04/19/les-presento-a-merlin/',1,'Zironid (Martín Buenahora)','/var/www/CWData/src/www/uploads/DSC07420.JPG'),(358,'Darth Vader','17/04/2014','Prusa i3',262,15,'bricolabs.cc',1,'scrawny','/var/www/CWData/src/www/uploads/i3d_darth_vader.png'),(359,'Prubacca I','20/04/2014','.1',-100000,-1,'',1,'enferman/alleuh','/var/www/CWData/src/www/uploads/2014-04-27_13.51_.24_.jpg'),(360,'Gachan','27/04/2014','Prusa i3',-100000,17,'',1,'RobobitaA','/var/www/CWData/src/www/uploads/sitio_const.png'),(361,'sin nombre todavía','28/04/2014','Prusa i3',154,8,'',1,'*Desconocido','/var/www/CWData/src/www/uploads/150px-Wicket_rotj.jpg'),(362,'Weechee','06/03/2014','p2',83,12,'www.pepechorva.com',1,'pepeChorva','/var/www/CWData/src/www/uploads/CAM00780.jpg'),(363,'Ahsoka Tano','06/05/2014','p2',1,12,'www.inforgames.net',1,'Hacker Space de Castellón (HackCS)','/var/www/CWData/src/www/uploads/ahsokatano.jpg'),(364,'Mazinger Z','06/05/2014','p3_steel',363,12,'www.inforgames.net',1,'Jacobo Del Río','/var/www/CWData/src/www/uploads/H-250-3.jpg'),(365,'HaGaNe v.1','09/05/2014','p3_steel',-99999,29,'',1,'JLLJ','/var/www/CWData/src/www/uploads/Hagane.jpg'),(366,'Terpsícores','11/05/2014','p3_steel',90,50,'http://www.reprap.org/wiki/Clone_wars:Impresora_Terpsicores',1,'Asimov','/var/www/CWData/src/www/uploads/IMG-20140511-WA0011.jpg'),(367,'Gen.XYZ','15/05/2014','p3_steel',307,46,'',1,'*Desconocido','/var/www/CWData/src/www/uploads/image2.jpg'),(368,'Señor Pepe','20/03/2014','p3_alu',133,18,'',1,'Antonio Lopez Antunez','/var/www/CWData/src/www/uploads/Señor_Pepe.JPG'),(369,'Colorines','20/03/2014','p3_steel',133,18,'',1,'Javier Lopez Ruiz','/var/www/CWData/src/www/uploads/DSC02567.JPG'),(370,'K. Katarn','22/05/2014','p3_steel',254,15,'',1,'Alejandro Nieto','/var/www/CWData/src/www/uploads/IMG_20140523_002929.jpg'),(371,'Turbo el Halcón','25/05/2014','prusa i2',46,28,'',1,'JorgeMCaro','/var/www/CWData/src/www/uploads/CAM00268.jpg'),(372,'Aleste','04/06/2014','Prusa i3',165,99,'',1,'AradyelCW','/var/www/CWData/src/www/uploads/aleste1.png'),(373,'Sophi','19/05/2014','Prusa i3 Hephestos',-100000,28,'http://robotstyles.blogspot.com.es/',1,'Jose Luis V','/var/www/CWData/src/www/uploads/DSC_0128.jpg'),(374,'M.I.A.U.','06/06/2014','p3_box',223,28,'',1,'Rcccort','/var/www/CWData/src/www/uploads/IMG_20140606_203236.jpg'),(375,'Prusawan','28/02/2014','p3_steel',246,-1,'',1,'Angel Romero','/var/www/CWData/src/www/uploads/Foto0161_display_large.jpg'),(376,'Turanga','03/04/2014','p3_steel',307,29,'',1,'Carlos Turanga','/var/www/CWData/src/www/uploads/20140409_174446.jpg'),(377,'Cheewrafa','09/06/2014','p3_alu',-99999,46,'',1,'RtorresCW','/var/www/CWData/src/www/uploads/IMG_20140420_034552.jpg'),(378,'Orange Box','06/06/2014','p3_steel',195,29,'',1,'David Leal','/var/www/CWData/src/www/uploads/349489.png'),(379,'Rulobot','12/06/2014','p3_steel',223,28,'http://www.reprap.org/wiki/Clone_wars:Impresora_Rulobot',1,'Raúl González','/var/www/CWData/src/www/uploads/Rulobot_11.JPG'),(380,'FANTASMA','07/06/2014','Prusa i3 Steel',307,8,'',1,'Ivanchuck','/var/www/CWData/src/www/uploads/20140617_225410.jpg'),(381,'2600hz','20/06/2014','Prusa i3',262,15,'',1,'*Desconocido','/var/www/CWData/src/www/uploads/2014-06-06_21.18_.46_.jpg'),(382,'Endeavour','15/09/2013','BCN3D',-99999,8,'http://www.reprap.org/wiki/Clone_Wars:_Impresora_Endeavour',1,'Fermar','/var/www/CWData/src/www/uploads/Endeavour.png'),(383,'Creature2099','21/06/2014','p2',-99999,99,'',1,'betox2099','/var/www/CWData/src/www/uploads/creature.jpg'),(384,'Printer is Coming','05/06/2014','Prusa i3 Steel',312,36,'',1,'Unseulmot','/var/www/CWData/src/www/uploads/Printeriscoming.png'),(385,'Alvarutix 3D','30/04/2014','p3_box',152,2,'',1,'Álvaro Martínez (alvaruto)','/var/www/CWData/src/www/uploads/Alvarutix3d.jpg'),(386,'ATx-ATx','07/07/2014','Graber i3',347,36,'',1,'MrPlotters','/var/www/CWData/src/www/uploads/01.jpg'),(387,'Prometheus','11/07/2014','p3_steel',26,47,'',1,'rodaxxi','/var/www/CWData/src/www/uploads/prometheus.jpg'),(388,'maykoyorga','13/07/2014','p3_box',-100000,-1,'',1,'*Desconocido','/var/www/CWData/src/www/uploads/Screenshot_2014-07-13-13-49-41-1.png'),(389,'RAFIKI PRINTER','17/07/2014','p2',-100000,3,'',1,'Gonzalo Til','/var/www/CWData/src/www/uploads/la_foto(3).JPG'),(390,'Start-RobotPrint','12/07/2014','Prusa i3',386,33,'http://www.reprap.org/wiki/User:GsoutoCW#Impresora_3D',1,'Gerpi','/var/www/CWData/src/www/uploads/marcoCompleto.jpg'),(391,'Perseo','21/07/2014','p2',305,8,'',1,'Victor Tey','/var/www/CWData/src/www/uploads/Perseo.png'),(392,'Pivemaker','24/07/2014','Prusa i3 Hephestos',-100000,3,'',1,'Pive','/var/www/CWData/src/www/uploads/IMG_20140718_213645.jpg'),(393,'San Alejo','12/07/2014','p2',-100000,6,'',1,'Ramón Baselga','/var/www/CWData/src/www/uploads/San_Alejo_21.jpg'),(394,'Cryptos','27/07/2014','Prusa i3 Hephestos',-100000,36,'',1,'Jose Company','/var/www/CWData/src/www/uploads/Impresora_copia.jpg'),(395,'Predator','30/07/2014','Prusa i3 Hephestos',-100000,28,'',1,'Alvaro Jara','/var/www/CWData/src/www/uploads/prusai3hephestos.jpg'),(396,'a+n','13/08/2014','p3_steel',-100000,3,'www.an-arquitectura.es',1,'Adolfo Piñol Vicedo','/var/www/CWData/src/www/uploads/IMG_20140812_190616.jpg'),(397,'Enredinator','17/08/2014','p2',-100000,28,'http://albertomorales.eu/construccion-de-la-enredinator-impresora-3d-prusa-it2-pagina-principa/',1,'Tucho ( Alberto Morales )','/var/www/CWData/src/www/uploads/Enredinator-3d-Printer-Prusa-look.jpg'),(398,'tWin...dow','23/08/2014','Prusa i3',80,41,'',1,'*Desconocido','/var/www/CWData/src/www/uploads/Prusai3_w1_0.JPG'),(399,'Twin_nR','20/08/2014','p3_alu',80,41,'',1,'Luis Letrán Rivera','/var/www/CWData/src/www/uploads/20140705_194408.jpg'),(400,'Big Boss Nass','24/08/2014','Prusa i3',-99999,7,'',1,'*Desconocido','/var/www/CWData/src/www/uploads/Big_Boss_Nass.png'),(401,'Chocarrat_printer','16/08/2014','Prusa i3 Hephestos',-100000,4,'',1,'*Desconocido','/var/www/CWData/src/www/uploads/image3.jpg'),(402,'Matrioska','02/09/2014','Prusa i3',-99999,2,'',1,'JdiazCW','/var/www/CWData/src/www/uploads/Matrioska11.jpg'),(403,'Cooper','05/09/2014','p3_steel',91,28,'',1,'kwendenarmo','/var/www/CWData/src/www/uploads/IMG_0991.png'),(404,'Sindormir','01/07/2014','p3_alu',91,28,'http://sindormir.net',1,'Syvic','/var/www/CWData/src/www/uploads/Prusa-i3-general-3_0.jpg'),(405,'Riddick','25/08/2014','p3_box',310,8,'',1,'Sergi - CeledaBcn','/var/www/CWData/src/www/uploads/rsz_dsc01179.jpg'),(406,'Luisinolo','21/09/2014','Prusa i3 Hephestos',-100000,28,'',1,'Luisinolo','/var/www/CWData/src/www/uploads/Luisinolo.jpg'),(407,'Kchrro','05/05/2014','Prusa i3',-99999,99,'http://softpes.wordpress.com',1,'PStolzenbachCW','/var/www/CWData/src/www/uploads/wpid-2014-05-05.jpg'),(408,'Glaedr','22/09/2014','p3_steel',307,11,'',1,'Narci Soto','/var/www/CWData/src/www/uploads/La_foto.jpg'),(409,'Vulcano','23/09/2014','p3_steel',307,50,'',1,'*Desconocido','/var/www/CWData/src/www/uploads/vulcano.png'),(410,'Ves-Pah-Kar','30/09/2014','Prusa i3 Hephestos',-100000,99,'',1,'*Desconocido','/var/www/CWData/src/www/uploads/2014-10-01_09.14_.26_.jpg'),(411,'Rex Pública','02/10/2014','p3_alu',221,15,'liceoartabro.wordpress.com',1,'Xarpe Serpe','/var/www/CWData/src/www/uploads/10686989_1539640102937971_8070067968942293709_n.jpg'),(412,'Dratcher','03/10/2014','Prusa i3',-99999,3,'',1,'Alejandro Nieto','/var/www/CWData/src/www/uploads/IMG_0093.JPG'),(413,'Stick','15/09/2014','p3_box',-99999,30,'',1,'PacoLucas','/var/www/CWData/src/www/uploads/DSC05512.JPG'),(414,'HYPKE','02/09/2013','Prusa i3',165,32,'',1,'Diego Lale','/var/www/CWData/src/www/uploads/14_-_1.jpg'),(415,'R5','14/10/2014','Prusa i3 Hephestos',190,28,'http://www.iearobotics.com/wiki/index.php?title=Prusa_i3:_R5',1,'Obijuan','/var/www/CWData/src/www/uploads/R5-1-peq.png'),(416,'Prusa i3 Hephestos','06/10/2014','Prusa i3 Hephestos',-100000,8,'',1,'Jordi Alvarez','/var/www/CWData/src/www/uploads/2014-10-10_19.20_.47_.jpg'),(417,'Cold Bed','23/10/2014','Prusa i3 Hephestos',-100000,28,'http://hacklabupm.bq.com/doku.php?id=start',1,'HackLab ETSIDI','/var/www/CWData/src/www/uploads/IMG-20141024-WA0002.jpg'),(418,'Królik','29/10/2014','p3_alu',180,28,'http://sejas.es/krolik',1,'Antonio Sejas','/var/www/CWData/src/www/uploads/foto-temporal.jpg'),(419,'Traum','24/06/2014','p3_steel',-99999,46,'https://plus.google.com/photos/112502683506301941206/albums/6021810505908180289',1,'Juan Pinto','/var/www/CWData/src/www/uploads/IMG_20140623_131206.jpg'),(420,'Prusigenia','31/10/2014','p3_steel',-99999,27,'',1,'fendetestas72','/var/www/CWData/src/www/uploads/IMG_20141031_201353.jpg'),(421,'P3PO','26/10/2014','p3_steel',-99999,14,'',1,'Enrique González Lafuente (QueNoWert)','/var/www/CWData/src/www/uploads/CW421-P3PO.jpg'),(422,'Jarvis','03/11/2014','p3_steel',26,8,'http://www.reprap.org/wiki/Clone_wars:_Impresora_Jarvis',1,'Ezequiel RR','/var/www/CWData/src/www/uploads/IMG_20141030_184656.jpg'),(423,'Ibon','01/01/1978','Prusa i3 Hephestos',-100000,1,'',1,'*Desconocido','/var/www/CWData/src/www/uploads/20141115_005757.jpg'),(424,'Serotonina','20/11/2014','p3_steel',237,25,'',1,'Adell_87','/var/www/CWData/src/www/uploads/DSC_0087.JPG'),(425,'Joule','25/11/2014','.1',-99999,28,'',1,'JPeruleroCW (Juan Carlos González Perulero)','/var/www/CWData/src/www/uploads/Joule.jpg'),(426,'Tesla','','Foldarap',-99999,29,'',1,'David Leal','/var/www/CWData/src/www/uploads/1228369408780.jpg'),(427,'DARZ BEIDER','04/12/2014','Prusa i4',-99999,28,'',1,'mmusicoc','/var/www/CWData/src/www/uploads/23.jpg'),(428,'CampusParty','05/12/2014','Prusa i3 Hephestos',-100000,28,'www.ragageles.com',1,'*Desconocido','/var/www/CWData/src/www/uploads/IMG_2116.JPG'),(429,'BLACK IC3D','19/12/2014','Prusa i3',26,32,'',1,'Carlos Currás (Aisflou)','/var/www/CWData/src/www/uploads/black_ic3d.jpg'),(430,'ki','01/01/2015','Prusa i3 Hephestos',-100000,45,'kismotics.com',1,'nobita','/var/www/CWData/src/www/uploads/IMG_20150101_220735.jpg'),(431,'Jake','05/01/2015','p3_box',74,46,'',1,'*Desconocido','/var/www/CWData/src/www/uploads/jake.jpg'),(432,'Kaneki','08/01/2015','printrbot 2',41,24,'',1,'*Desconocido','/var/www/CWData/src/www/uploads/impresora1.jpg'),(433,'SKYHOOK','12/01/2015','p3_steel',-100000,8,'',1,'SKYHOOK','/var/www/CWData/src/www/uploads/IMG_20150112_191208.jpg'),(434,'Vespula','04/12/2014','Prusa i3',270,46,'www.3Dmatic.es',1,'David Moreno','/var/www/CWData/src/www/uploads/IMG_20150120_140356270.jpg'),(435,'Big Bed','22/01/2015','Pruisa i3 Hephestos',417,28,'',1,'Fabián','/var/www/CWData/src/www/uploads/IMG_20150122_215744.jpg'),(436,'Talos','20/11/2014','Pruisa i3 Hephestos',-100000,20,'www.permaculturaaralar.com',1,'Victor Barahona - Sir Galaxy','/var/www/CWData/src/www/uploads/IMG_20141126_144550.jpg'),(437,'NOSTROMO','18/02/2015','Prusa i3',-99999,3,'lcdv.net',1,'Egrojyos','/home/javierbr/CWData/uploads/nostromo.JPG'),(438,'Vaccea','07/02/2015','Pruisa i3 Hephestos',-100000,34,'http://reprap.org/wiki/Clone_wars:Impresora_Vaccea',1,'Jota_Mon3','/home/javierbr/CWData/uploads/2015-02-18_13.48_.29_.png'),(439,'CHEWAAKA_2_P3STEEL','18/02/2015','p3_steel',288,43,'',1,'WHOISNOSFERATU','/home/javierbr/CWData/uploads/chewaaka_p3steel.jpg'),(440,'McPrusilla','20/09/2014','Prusa i3 Hephestos',-100000,31,'',1,'*Desconocido','/home/javierbr/CWData/uploads/10380866_10152551880558138_7992479333809475483_o.jpg'),(441,'Jumadi','01/03/2015','Prusa i3',-10000,99,'www.jumadi.tk',1,'Juliam Maya','/home/javierbr/CWData/uploads/polysoup_preview_featured.jpg'),(442,'Nº1','01/02/2015','Prusa i3',-100000,3,'',1,'Javier (Chory)','/home/javierbr/CWData/uploads/IMG_20150201_113302.jpg'),(443,'Juanigna´s','03/03/2015','Prusa i3 Steel',-100000,28,'',1,'Juan Ignacio C.','/home/javierbr/CWData/uploads/WP_20150129_002.jpg'),(444,'TheEnd','04/12/2013','Prusa 3 metacrilato',-100000,14,'http://impresoras3dlowcost.com/',1,'*Desconocido','/home/javierbr/CWData/uploads/Prusa-i3.jpg'),(445,'Ashtart','02/03/2015','Prusa i3',429,11,'http://reprap.org/wiki/Prusa_i3_Ashtart',1,'Apitraco (Jonathan S.)','/home/javierbr/CWData/uploads/IMG-20150303-WA00113.jpg'),(446,'Somiatruites','15/01/2015','Prusa i3',347,8,'',1,'es3nric','/home/javierbr/CWData/uploads/IMAG1904.jpg'),(447,'ROJA','08/03/2015','Prusa i3 Hephestos',-99999,39,'',1,'NEGRO','/home/javierbr/CWData/uploads/HEPHESTOS_ROJA.jpg'),(448,'Pr3','14/03/2015','Prusa i3',429,36,'',1,'atancito','/home/javierbr/CWData/uploads/P3120011.JPG'),(449,'TIZONA','06/04/2015','p3_box',351,23,'',1,'*Desconocido','/home/javierbr/CWData/uploads/WP_20150319_001.jpg'),(450,'SilverP','07/04/2015','p3_steel',452,41,'',1,'Oyabac','/home/javierbr/CWData/uploads/CW450_SilverP.JPG'),(451,'Franky3D','11/03/2015','Ps3 steel',422,9,'',1,'Meditando De Modo Altruista','/home/javierbr/CWData/uploads/IMG_20150325_1919201.jpg'),(452,'Kamino','10/11/2013','p2',-99999,41,'',1,'Juan Francisco Mateo (Miniatuario)','/home/javierbr/CWData/uploads/KaminoMk1.JPG'),(453,'Kamino MKIII','15/05/2014','MakerWings',452,41,'',1,'Juan Francisco Mateo (Miniatuario)','/home/javierbr/CWData/uploads/21102014947.jpg'),(454,'CNC3DPO','16/04/2015','Prusa i3',-99999,36,'',1,'Jordi Rodriguez \"JRCrespo\"','/home/javierbr/CWData/uploads/CNC3DPO.jpg'),(455,'P3Steel Respect Edition','20/04/2015','Ps3 steel',-99999,18,'',1,'Iván López Baena','/home/javierbr/CWData/uploads/IMG_5749.JPG'),(456,'Waku3D','19/06/2014','Ps3 steel',307,15,'',1,'Alex Lema (ZeroCool)','/home/javierbr/CWData/uploads/CW456-Waku3D.jpg'),(457,'Prusa Sierra','18/04/2015','p3_box',347,23,'',1,'Marckstarck (Antonio Ruiz Cuellar)','/home/javierbr/CWData/uploads/Prusa_Sierra.jpg'),(458,'Dikeiosune','05/05/2015','printrbot 2',152,29,'',1,'Juan Machuca GaLaFa_T','/home/javierbr/CWData/uploads/2015-05-06_09.58_.12_.jpg'),(459,'SAV V1','01/05/2015','Prusa i3 Single frame',-99999,41,'',1,'Angel Sánchez ','/home/javierbr/CWData/uploads/IMG_20150426_203635.jpg'),(460,'Metroid','22/05/2015','Prusa i3',-100000,12,'',1,'*Desconocido','/home/javierbr/CWData/uploads/20022015-PEK38897.jpg'),(461,'Maikito','22/05/2015','Prusa i3 Steel',-100000,15,'',1,'*Desconocido','/home/javierbr/CWData/uploads/20150522_214926.jpg'),(462,'Lucy Green','30/05/2015','3DR Simple',312,36,'',1,'Mario Crespo','/home/javierbr/CWData/uploads/IMG_20150531_125445.jpg'),(464,'Txuri Urdin','19/06/2015','rostock',436,20,'www.egokitek.com',1,'Victor Barahona - Sir Galaxy','/home/javierbr/CWData/uploads/IMG_20150619_183526.jpg'),(465,'Quintas Clou Wars','10/06/2015','Pruisa i3 Hephestos',414,32,'',1,'quintas','/home/javierbr/CWData/uploads/20150629_170439.jpg'),(466,'Maragda','23/05/2015','ultimaker',422,8,'http://www.reprap.org/wiki/Clone_wars:_Impresora_Maragda',1,'Ezequiel RR','/home/javierbr/CWData/uploads/IMG_20150531_190833-nopm-.jpg'),(467,'Skynet','14/07/2015','Pruisa i3 Hephestos',-100000,28,'www.realgrafics.com',1,'Julio Contreras','/home/javierbr/CWData/uploads/Skynet.jpg'),(468,'Frigga','24/07/2015','Prusa i3 Steel',-100000,12,'',1,'Juan C. Martinez','/home/javierbr/CWData/uploads/IMAG12191.jpg'),(469,'iRother 3D','20/07/2015','Prusa i3',454,36,'',1,'Jordi Rodriguez \"JRCrespo\"','/home/javierbr/CWData/uploads/20150730055814.jpg'),(470,'Prusattack','01/08/2015','Pruisa i3 Hephestos',-100000,28,'http://www.reprap.org/wiki/User:JAVR-CW',1,'JAVR-CW','/home/javierbr/CWData/uploads/HEPHESTOS.png'),(471,'Red One','23/07/2014','p3_steel',223,33,'',1,'Miguelffdz','/home/javierbr/CWData/uploads/Red_One1.JPG'),(472,'FuseOne','19/05/2014','FuseOne',-100000,99,'http://www.javiercollado.es',1,'Javier Collado (fuseprods)','/var/www/CWData/src/www/uploads/fuseone-v0011.jpg'),(473,'FuseSteel','14/11/2014','Prusa i3 Steel',-99999,28,'http://www.javiercollado.es',1,'Javier Collado (fuseprods)','/var/www/CWData/src/www/uploads/2015-01-05_02.00_.03_.jpg'),(474,'Colico','13/09/2013','prusai3',-99999,15,'',1,'coricoco','/var/www/CWData/src/www/uploads/Colico.jpg'),(475,'BigMama','04/05/2014','Mendel Max XL',474,15,'www.makergal.es',1,'coricoco','/var/www/CWData/src/www/uploads/Big_MAMA.jpg'),(476,'The Rock','09/09/2014','Prusa i3 Steel',475,15,'',1,'coricoco','/var/www/CWData/src/www/uploads/The_Rock.jpg'),(477,'Jao','01/08/2015','Kossel',475,15,'',1,'coricoco','/var/www/CWData/src/www/uploads/IMG_4578.JPG'),(478,'i303','18/07/2015','Prusa i3',66,15,'BricoLabs.cc',1,'Milo Barral','/var/www/CWData/src/www/uploads/227751.jpg'),(479,'Moco','31/08/2015','Foldarap',475,15,'https://www.flickr.com/photos/rafacouto/albums/72157654448836963',1,'Rafa Couto (caligari)','/var/www/CWData/src/www/uploads/foldamoco.jpg'),(480,'3LM3R','28/03/2015','Prusa i3 Single frame',114,15,'',1,'Xose Perez','/var/www/CWData/src/www/uploads/2015-10-21_15.38_.25_.jpg'),(481,'Zero','23/02/2014','p3_alu',187,15,'',1,'Santiago Castro','/var/www/CWData/src/www/uploads/prusa1.jpg'),(482,'MariPuri','20/12/2014','p3_alu',66,15,'',1,'*Desconocido','/var/www/CWData/src/www/uploads/MariPuri.jpg'),(483,'PRPegapom','23/12/2014','p3_box',-99999,15,'',1,'*Desconocido','/var/www/CWData/src/www/uploads/2015-10-22_16.07_.35_.jpg'),(484,'Alu3D','24/10/2014','p3_alu',-99999,47,'',1,'*Desconocido','/var/www/CWData/src/www/uploads/20151020_170838.jpg'),(485,'nkom','15/07/2013','printrbot 2',165,48,'http://haudahau.com/vadedos/?cat=5',1,'Eneko Montero','/var/www/CWData/src/www/uploads/printrbotquitarfondo.jpg'),(486,'eGarbigune','06/09/2015','.1',485,48,'http://haudahau.com/vadedos/?page_id=906',1,'Eneko Montero','/var/www/CWData/src/www/uploads/egarbigunesinfondo.jpg'),(487,'Huelva3d_II','15/07/2015','wanhao D5S',-99999,21,'www.huelva3d.es',1,'lolo cortes','/var/www/CWData/src/www/uploads/D5s.png'),(488,'Odín','17/10/2015','Prusa i3 Hephestos',-99999,2,'http://www.reprap.org/wiki/Clone_wars:_Impresora_Od%C3%ADn',1,'CMRF Albacete','/var/www/CWData/src/www/uploads/odin.jpg'),(489,'Willio','17/10/2015','Pruisa i3 Hephestos',-99999,2,'http://www.reprap.org/wiki/Clone_wars:_Impresora_Willio',1,'CMRF Albacete','/var/www/CWData/src/www/uploads/willio.jpg'),(490,'No se alquila','25/10/2015','Prusa i3 Single frame',481,15,'http://bricolabs.cc',1,'José Manuel Pazos y Sergio Alvariño','/var/www/CWData/src/www/uploads/obras.jpg'),(491,'i3 Hephestos','10/01/2015','Pruisa i3 Hephestos',-99999,15,'',1,'*Desconocido','/var/www/CWData/src/www/uploads/IMG_20151025_122155.jpg'),(492,'Izanami','15/04/2015','p3_alu',165,28,'',1,'*Desconocido','/var/www/CWData/src/www/uploads/FB_IMG_1445864537055.jpg'),(494,'CloneWert','28/10/2015','p3_steel',17,46,'',1,'Werty','/var/www/CWData/src/www/uploads/038e8e8.jpg'),(495,'Juanillo','19/03/2015','Pruisa i3 Hephestos',-99999,31,'',1,'Juanillo','/var/www/CWData/src/www/uploads/IMG_4989.JPG'),(496,'Id3ad Steel','17/06/2014','p3_steel',286,28,'',1,'ybueno.net','/var/www/CWData/src/www/uploads/2015-01-31_22.01_.34_.jpg'),(497,'Lawgiver','27/05/2013','Prusa i3',165,50,'',1,'*Desconocido','/var/www/CWData/src/www/uploads/IMG_0886b.jpg'),(498,'Curiosity MSP','08/12/2014','Prusa i3 Hephestos',-99999,15,'',1,'felixstdp','/var/www/CWData/src/www/uploads/curiosity_msp.jpg'),(499,'Blacky','27/10/2015','p3_steel',-99999,48,'www.socialsoundlab.com',1,'*Desconocido','/var/www/CWData/src/www/uploads/B4xS80QIAAAyUp7.jpg'),(500,'Galois','12/10/2015','Prusa i3 Hephestos',-99999,28,'',1,'*Desconocido','/var/www/CWData/src/www/uploads/Impresora1.jpg'),(501,'XL3D RepRap 01','28/10/2015','-1\'',-99999,4,'WWW.INDALO3D.COM',1,'Miguel Angel Salmerón ','/var/www/CWData/src/www/uploads/IMG_20140728_135524.jpg'),(502,'XL3D RepRap 02 D.C.','28/10/2015','-1\'',501,4,'WWW.INDALO3D.COM',1,'Miguel Angel Salmerón ','/var/www/CWData/src/www/uploads/DSC07272.JPG'),(503,'XL3D RepRap 03','28/10/2014','-1\'',501,4,'WWW.INDALO3D.COM',1,'Miguel Angel Salmerón ','/var/www/CWData/src/www/uploads/IMG_1068.JPG'),(504,'LUCAS CW','28/10/2014','p3_alu',220,8,'',1,'*Desconocido','/var/www/CWData/src/www/uploads/prusa_i3.jpg'),(505,'Anymon','24/11/2014','Prusa i3 Single frame',221,15,'http://delineantescad.blogspot.com.es/',1,'Moncho Estévez','/var/www/CWData/src/www/uploads/Anymon.jpg');
/*!40000 ALTER TABLE `impresoras` ENABLE KEYS */;
UNLOCK TABLES;

--
-- Table structure for table `models`
--

DROP TABLE IF EXISTS `models`;
/*!40101 SET @saved_cs_client     = @@character_set_client */;
/*!40101 SET character_set_client = utf8 */;
CREATE TABLE `models` (
  `id` varchar(30) NOT NULL,
  `human` text NOT NULL,
  `url` text,
  PRIMARY KEY (`id`),
  KEY `id` (`id`)
) ENGINE=InnoDB DEFAULT CHARSET=latin1;
/*!40101 SET character_set_client = @saved_cs_client */;

--
-- Dumping data for table `models`
--

LOCK TABLES `models` WRITE;
/*!40000 ALTER TABLE `models` DISABLE KEYS */;
INSERT INTO `models` VALUES ('-1\'','-1\'','1'),('.1','Desconocido',NULL),('1','1','-1\''),('3DR Simple','3DR Simple','https://github.com/JohnSL/3DR-Simple-Delta-Printer'),('BCN3D','BCN3D',''),('BCN3D+','BCN3D+','http://www.bcn3dtechnologies.com/catalog/'),('Big Purple','Big Purple',''),('cupcake','Cupcake',NULL),('Foldarap','Foldarap','http://reprap.org/wiki/FoldaRap'),('FoldaRap 1.1','FoldaRap 1.1','http://reprap.org/wiki/FoldaRap'),('Franky3D','Franky3D',''),('FuseOne','FuseOne','https://github.com/fuseprods/FuseOne/tree/5a914d760f3e080f669164d3f7da2ef3db8a8ddc'),('Graber i3','Graber i3','http://reprap.org/wiki/Graber_i3'),('huxley','Huxley',NULL),('Irina 1.0','Irina 1.0',''),('Kossel','Kossel',''),('Little Wolf','Little Wolf',''),('M Prime One','M Prime One','http://mprime.io'),('MakerWings','MakerWings',''),('maykoyorga','maykoyorga',''),('Mendel Max XL','Mendel Max XL','www.makergal.es'),('mosaic','Makergear Mosaic',NULL),('p2','Prusa 2','http://reprap.org/wiki/Prusa_Mendel_(iteration_2)'),('p3_alu','Prusa 3 aluminio','http://reprap.org/wiki/Clone_wars:_Prusa_iteraci%C3%B3n_3_single_frame'),('p3_box','Prusa 3 box','http://www.reprap.org/wiki/Clone_wars:_Prusa_iteración_3'),('p3_steel','Prusa 3 Steel','http://reprap.org/wiki/P3Steel/es'),('portabee','PortaBee',NULL),('PowerCode','PowerCode','http://reprap.org/wiki/PowerCode/es'),('printrbot','Printrbot',NULL),('printrbot 2','Printrbot 2',NULL),('printrbot jr','Printrbot jr',NULL),('printrbot plus','Printrbot plus',NULL),('printrbot plus lc','Printrbot plus LC',NULL),('printrbot simple','Printrbot simple',NULL),('Prisa','Prisa',''),('Pruisa i3 Hephestos','Prusa i3 Hephestos',''),('Prusa 3 metacrilato','Prusa 3 metacrilato',''),('prusa air','Prusa Air',NULL),('prusa air 2','Prusa Air 2',NULL),('prusa i2','prusa i2',''),('Prusa i3','Prusa i3','http://www.reprap.org/wiki/Clone_wars:_Prusa_iteraci%C3%B3n_3'),('Prusa i3 Hephestos','Prusa i3 Hephestos','http://reprap.org/wiki/Prusa_i3_Hephestos/es'),('Prusa i3 Single frame','Prusa i3 Single frame',''),('Prusa i3 Steel','Prusa i3 Steel','http://www.3dprinters-shop.com/'),('Prusa i4','Prusa i4',''),('prusa mendel','Prusa Mendel',NULL),('prusa mold','Prusa Mold','http://www.reprap.org/wiki/Clone_wars:_Prusa_Mold'),('prusai3','prusai3',''),('Ps3 steel','Ps3 steel','http://reprap.org/wiki/P3Steel'),('Repemaker','Repemaker','www.makealo.com'),('replicator','Makerbot Replicator',NULL),('replicator2','Makerbot Replicator II',NULL),('RepRap BCN','RepRap BCN',''),('repstrap','RepStrap',NULL),('rostock','Rostock','http://reprap.org/wiki/Rostock'),('Smartrap','Smartrap','http://smartfriendz.com'),('Tantillus','Tantillus','http://www.tantillus.org/'),('TAZ','TAZ','http://www.reprap.org/wiki/LulzBot/TAZ'),('TERMINATOR','TERMINATOR',''),('thingomati','Makerbot Thing-o-Matic','http://www.makerbot.com/support/thingomatic/'),('ultimaker','Ultimaker',NULL),('wanhao D5S','wanhao D5S','http://www.wanhao3dprinter.com/'),('XL3D RepRap','XL3D RepRap','WWW.INDALO3D.COM');
/*!40000 ALTER TABLE `models` ENABLE KEYS */;
UNLOCK TABLES;

--
-- Table structure for table `provincias`
--

DROP TABLE IF EXISTS `provincias`;
/*!40101 SET @saved_cs_client     = @@character_set_client */;
/*!40101 SET character_set_client = utf8 */;
CREATE TABLE `provincias` (
  `id_provincia` smallint(6) NOT NULL DEFAULT '0',
  `provincia` varchar(30) CHARACTER SET utf8 COLLATE utf8_bin DEFAULT NULL,
  PRIMARY KEY (`id_provincia`)
) ENGINE=InnoDB DEFAULT CHARSET=latin1;
/*!40101 SET character_set_client = @saved_cs_client */;

--
-- Dumping data for table `provincias`
--

LOCK TABLES `provincias` WRITE;
/*!40000 ALTER TABLE `provincias` DISABLE KEYS */;
INSERT INTO `provincias` VALUES (1,'Araba/Álava'),(2,'Albacete'),(3,'Alicante/Alacant'),(4,'Almería'),(5,'Ávila'),(6,'Badajoz'),(7,'Balears, Illes'),(8,'Barcelona'),(9,'Burgos'),(10,'Cáceres'),(11,'Cádiz'),(12,'Castellón/Castelló'),(13,'Ciudad Real'),(14,'Córdoba'),(15,'Coruña, A'),(16,'Cuenca'),(17,'Girona'),(18,'Granada'),(19,'Guadalajara'),(20,'Gipuzkoa'),(21,'Huelva'),(22,'Huesca'),(23,'Jaén'),(24,'León'),(25,'Lleida'),(26,'Rioja, La'),(27,'Lugo'),(28,'Madrid'),(29,'Málaga'),(30,'Murcia'),(31,'Navarra'),(32,'Ourense'),(33,'Asturias'),(34,'Palencia'),(35,'Palmas, Las'),(36,'Pontevedra'),(37,'Salamanca'),(38,'Santa Cruz de Tenerife'),(39,'Cantabria'),(40,'Segovia'),(41,'Sevilla'),(42,'Soria'),(43,'Tarragona'),(44,'Teruel'),(45,'Toledo'),(46,'Valencia/València'),(47,'Valladolid'),(48,'Bizkaia'),(49,'Zamora'),(50,'Zaragoza'),(51,'Ceuta'),(52,'Melilla'),(99,'Otro');
/*!40000 ALTER TABLE `provincias` ENABLE KEYS */;
UNLOCK TABLES;

--
-- Table structure for table `users`
--

DROP TABLE IF EXISTS `users`;
/*!40101 SET @saved_cs_client     = @@character_set_client */;
/*!40101 SET character_set_client = utf8 */;
CREATE TABLE `users` (
  `username` varchar(500) NOT NULL,
  `userurl` text,
  `useremail` text,
  PRIMARY KEY (`username`)
) ENGINE=InnoDB DEFAULT CHARSET=latin1;
/*!40101 SET character_set_client = @saved_cs_client */;

--
-- Dumping data for table `users`
--

LOCK TABLES `users` WRITE;
/*!40000 ALTER TABLE `users` DISABLE KEYS */;
INSERT INTO `users` VALUES ('*Desconocido',NULL,NULL),('Abdón Crespo Sánchez (AcrespoCW)','http://www.reprap.org/wiki/User:AcrespoCW','abdoncrespo@gmail.com'),('Abraham Alvaro Jimenez y Nerea Alvaro Santos','',''),('Abrañas','','vazpa4@gmail.com'),('AchornetCW (Adria Chornet)','',''),('Adell_87','','fp.adell@gmail.com'),('Adolfo Castaño','',''),('Adolfo Piñol Vicedo','www.an-aruqitectura.es','apvicedo.at@gmail.com'),('Adrián Alonso User: Aalonso - Luis Macías User: LmaciasCW','',''),('Adrián Pérez','','enmcrazykiller@hotmail.com'),('Adrian R. (adroqui)','',''),('Adrián Rueda','','adrianruego@gmail.com'),('Agustín Fernández (AromanCW)','',''),('Aitor Hernández','',''),('Alberto Martinez','',''),('Alberto Otero','',''),('Alberto Valero','',''),('Alcon','',''),('Alejandro Alfaya, Angel Gómez, Alejandro Valiñas','',''),('Alejandro Cuartas','','alejandro.cuartas@yahoo.com'),('Alejandro Martín','',''),('Alejandro Nieto','',''),('Alejandro Taracido (TCRobotics)','',''),('alex','','alejandro.m73@gmail.com'),('Alex Jimenez','',''),('Alex Lema','','alexlema@gmail.com'),('Alex Lema (ZeroCool)','','alexlema@gmail.com'),('Alfonso Prieto (Foxterl)','','foxterl@hotmail.com'),('Alfredo Prado (@radikalbytes)','http://radikalbytes.com',''),('Alvaro Jara','','amjarag@gmail.com'),('Alvaro Lara','',''),('Alvaro Luna (AlunaCW)','',''),('Álvaro Martínez (alvaruto)','','alvar3t3@gmail.com'),('Álvaro Ollero','',''),('andres castellanos (grem)','','casman722@gmail.com'),('Andrés González Prérez','',''),('Andrés Prieto Moreno','http://www.iearobotics.com/wiki/index.php?title=Andr%C3%A9s_Prieto-Moreno','andres@iearobotics.com'),('Angel','',''),('Ángel Andrés Lerena Pariente','',''),('Angel Fdez (Trocolo)','',''),('Angel Romero','','roaguiangel@gmail.com'),('Angel Sánchez ','','legin.37@gmail.com'),('AngelLM','','alm37454@gmail.com'),('Antonio Alcocer','',''),('Antonio Campos','',''),('Antonio Castro Gómez','',''),('Antonio Escudero (ReciClon-W)','',''),('Antonio J. Lucas','',''),('Antonio Lopez Antunez','','antoito_cambel_vi@hotmail.com'),('Antonio Morales','',''),('Antonio Navarro','','antonio.navarro.es@gmail.com'),('Antonio Sejas','http://antonio.sejas.es','mynetsky+clone@gmail.com'),('AntonioBeta','https://plus.google.com/u/0/+Antoniobeta/','beta341997@gmail.com'),('Apitraco','http://www.gades3d.es','info@gades3d.es'),('Apitraco (Jonathan S.)','http://www.gades3d.es','info@gades3d.es'),('AradyelCW','','non_ame@gmx.com'),('Ariadna Trueba y Juan Pedro López','',''),('Ark','',''),('Arturo Pueyo','',''),('Arturo Sancho','',''),('Arturo Vera García','',''),('Asiertxo','',''),('Asimov','',''),('Asociación de Robótica de la UC3M','http://asrob.uc3m.es/',''),('Asociación Electrónica EUITT UPM','http://www.semanasphera.es/',''),('Asociación Ociorum','http://www.ociorum.org/',''),('atancito','','atancito@gmail.com'),('betox2099','','betox2099@gmail.com'),('Bitaq','www.bitaq.com','bitaq.info@gmail.com'),('BLACK KNIGHT (Nuria y Vicente Almodovar)','http://almodovar.org.es/prusa',''),('Borja Revilla','','borjasr1984b@hotmail.com'),('Borja Segovia','',''),('Cacer','',''),('caligari','http://caligari.treboada.net','rafacouto@gmail.com'),('Canarnova - Grupo de creación e innovación tecnológica de Canarias','http://canarnova.blogspot.com/',''),('CanicaCW','','Fernando.mesa@gmail.com'),('Cardiako','','Cardiak@gmail.com'),('Carlos Currás (Aisflou)','',''),('Carlos Flores Álvarez','','flores.alvarez.carlos@gmail.com'),('Carlos García Fernámdez CgarciaWC','',''),('Carlos García Saura','http://carlosgs.es/',''),('Carlos Lamparero','',''),('Carlos Medina Moreno','',''),('Carlos Monreal','',''),('Carlos Temes (CtemesCW)','','ctemescw@penguin-village.net'),('Carlos Turanga','',''),('César Rangil','',''),('CgendeCW','https://www.facebook.com/carlos.gendeprego','gendebeat@gmail.com'),('Chema','https://sites.google.com/a/pentabyte.es/chemadesigns/',''),('Chris D. McCoy','http://www-bsac.eecs.berkeley.edu/~mccoy/',''),('Cipri Ballester','',''),('cjme83','www.birds-factory.com','info@birds-factory.com'),('CMRF Albacete','',''),('Coleóptero','',''),('conicio','http://conicio3d.blogspot.com.es/','conicio@hotmail.com'),('coricoco','www.makergal.es','alvaro.rey.rdz@gmail.com'),('Crayfe','crayfe-projects.blogspot.com.es','crayfe@gmail.com'),('Cryptos','','josecompany@gmail.com'),('Cuña','',''),('Daniel fernandez ','','despem@hotmail.com'),('Daniel Ferrer','',''),('Daniel Garcia Aparicio - danielgap','http://www.astinta.com','daniel@astinta.com'),('Daniel Gómez','http://sites.google.com/site/danielgomezlendinez/',''),('Daniel Lopez','',''),('Daniel López García','','dalogax@gmail.com'),('Daniel López García (dalogax)','',''),('Daniel Mercado','',''),('Daniel Vallejo Hernando','',''),('David Alonso (DAlonsoCW)','',''),('David Arroyo','','darroyop@hotmail.es'),('David Cabrera Rodríguez y Patricia Alba Talaverano','',''),('David Deza y Nerea Calvo','',''),('David Estévez Fernández','dsquaredrobotics.com',''),('David F.','',''),('David Gonzalez (Ghosthawk)','',''),('David Leal','',''),('David Moreno','http://mbsistemasinformaticos.es/tienda/index.php','clientes.mbsistem@gmail.com'),('David Pousada','',''),('DDREAM','',''),('deantonious','http://deantonious.es/','contacto@deantonious.es'),('delcotron','',''),('Departamento de Ingeniería de Sistemas y Automática UC3M','http://www.uc3m.es/portal/page/portal/dpto_ing_sistemas_automatica',''),('Deutecno, S.L','http://www.deutecno.com/index2.html',''),('DgarciaCW','','skydge@gmail.com'),('Diego','','diegocamporouco@gmail.com'),('Diego del campo','',''),('Diego Lale','','diegolale@hotmail.com'),('Diego Lao (Howarto)','',''),('Diego Prado (@diego_p_g)','',''),('Diego Viejo','',''),('diegotrap','http://mprime.io','me@diegotrap.com'),('DLabs','',''),('DPrintrbotCW','','davidfv93@gmail.com'),('Dv','','kaguano@hotmail.com'),('Eduardo Alvarez','',''),('Eduardo Múgica','',''),('Edward Diaz Rodriguez','',''),('Egrojyos','lcdv.net','egrojyos@gmail.com'),('Emilio Sánchez Parbul','','emilio@parbul.com'),('Eneko Montero','http://haudahau.com/vadedos','eneko.montero@gmail.com'),('enferman/alleuh','','pablo.pedraza.garcia@gmail.com'),('Enrique González Lafuente (QueNoWert)','',''),('Enrique Martinez','',''),('Enrique Rodríguez','',''),('Enrique Zanardi','',''),('es3nric','','es3nric@gmail.com'),('Exergy123','',''),('Exodus','www.3dthinks.com','3dthinks@gmail.com'),('Ezequiel RR','','ezequielr02@gmail.com'),('F. Malpartida (fm)','',''),('Fabián','','fabianburillo@gmail.com'),('Fco. Javier Marcos','','turruncia@gmail.com'),('Federico Coca','',''),('Feliprint','',''),('Felix Arias','',''),('felixstdp','@fstdp',''),('fendetestas72','','lituscgs@gmail.com'),('Fermar','',''),('Fernando Bueno','',''),('Fernando Cerezal','',''),('Fernando Murillo y Elena de Pedro','',''),('Fernando Remiro','',''),('Fernando Salceda Álvarez','',''),('Fid','','fidran@gmail.com'),('Fidel Fraga Fernández (@guaifi)','',''),('Francisco Javier García','',''),('Francisco Montero','',''),('Francisco Morales','','francisco.morales.ldg@gmail.com'),('Frank','','zenobyte2@gmail.com'),('furanshishouco','','furanshishouco@gmail.com'),('Gerpi','','gsfagr@gmail.com'),('GmaciasCW','',''),('Gonzalo Hernández','',''),('Gonzalo Til','http://cemsi.wordpress.com','gonzalotil@gmail.com'),('Grunin Nano','',''),('Grupo de Displays y Aplicaciones Fotónicas de la UC3M','http://www.uc3m.es/portal/page/portal/grupos_investigacion/grupo_displays_aplicaciones_fotonicas',''),('Grupo M2 Asociación de Robótica Educativa Complubot','',''),('guille','',''),('Guillermo Calderón','',''),('Guillermo Velasco (GvelascoCW)','',''),('Gus Vitores','gus-vitores.com','gusvitores@gmail.com'),('Hacker Space de Castellón (HackCS)','www.inforgames.net','inforgames@inforgames.net'),('HackLab ETSIDI','http://hacklabupm.bq.com/doku.php?id=start','alberto.valero@bq.com'),('Héctor Pérez','','spnk242@gmail.com'),('IES Juan de la Cierva','',''),('IES Virgen de las Nieves, Granada','',''),('Ignacio Mora','',''),('ignaciorod','','igna_ro@yahoo.es'),('Iker Etxarte','',''),('inaki_orrantia','','ormaina@gmail.com'),('irobri','',''),('Isaac Muro','https://sites.google.com/a/xtec.cat/totssommestres/',''),('Ismael De Migel Cantero','',''),('Israel Berrido Subires y Alejandro Berrido Suibires','',''),('Itziar Lima Ramos y Juan Pablo Rodríguez García','',''),('Ivan Blasco','',''),('Iván López Baena','','ivanlopezbaena@gmail.com'),('Iván Ramírez Beltrán','',''),('Iván, Kevin, Pablo, María, Rita, Cris e Lydia','',''),('Ivanchuck','','jupiter1444@yahoo.com'),('J. Sevila, S. Ors','',''),('Jacobo Del Río','www.inforgames.net','jacobodelrio.jr@gmail.com'),('Jaime García (elgambitero)','',''),('Jaume G.','',''),('Javier (Chory)','','ch0ri@hotmail.com'),('Javier Collado (fuseprods)','http://www.javiercollado.es','3dprint@javiercollado.es'),('Javier Granado','','fjgranado@ono.com'),('Javier Lopez Ruiz','','javier_inventos@hotmail.com'),('Javier Marquevichi','',''),('Javier Montesa, José Luis Poza y Ricardo Pérez','',''),('Javier Rebollo (Jarec)','',''),('JAVR-CW','http://www.reprap.org/wiki/User:JAVR-CW','javr2000@gmail.com'),('jaypeeu','','joelperezurcelay@gmail.com'),('Jbabio','',''),('JdiazCW','','joaquindise@gmail.com'),('JevyanJ','','jjrg184@gmail.com'),('JgemezCW y Jimmmenez','',''),('JJViton','',''),('JLLJ','',''),('JM','','javimag@gmail.com'),('Joan Carles Gil','','jcgil1969@gmail.com'),('Jon Goitia','',''),('Jonás Rodriguez Placeres','',''),('Jordi Alvarez','','jordi@exaradio.com'),('Jordi Rodriguez \"JRCrespo\"','','jrcrespo@gmail.com'),('Jorge Balaguer y Antonio Carbonell','',''),('Jorge Fernández','',''),('Jorge Herrero Esteban-Infantes','',''),('Jorge Pascual','',''),('Jorge Rodríguez Marín','',''),('jorgediez','','jorggediez@mac.com'),('JorgeMCaro','','jmc_1995@yahoo.es'),('Jose Angel (jakolete)','',''),('José Antonio Pérez Caparrós','',''),('Jose Antonio Quevedo Muñoz','',''),('Jose Company','','josecompany@gmail.com'),('Jose del Valle','http://www.josedelvalle.es','info@josedelvalle.es'),('Jose Gemez','www.makealo.com','josegemez@gmail.com'),('Jose Hevia','',''),('Jose Ignacio Alonso','',''),('Jose Julio','',''),('Jose Luis del Olmo','www.3dorobotics.com','jdelolmo@3dorobotics.com'),('Jose Luis del Olmo (Macnetic)','',''),('Jose Luis Martinez','',''),('Jose Luis V','http://robotstyles.blogspot.com.es/','joselvillarejo@gmail.com'),('Jose M. Martín','',''),('Jose Manuel Martinez Ortega','',''),('José Manuel Pazos y Sergio Alvariño','http://bricolabs.cc','salvari@gmail.com'),('José María Garrocho (Jmgarrocho)','',''),('José Ramón (JRmaciasCW)','',''),('Jose Raul Montero','',''),('Jose Sanchez Sanchez','',''),('Josep Balaguer','',''),('Josep Ponce [tra7montana]','','jrricastell@hotmail.com'),('Jota_Mon3','','jomonmor@gmail.com'),('JPeruleroCW (Juan Carlos González Perulero)','','jcg.perulero@gmail.com'),('JpinedoCW (José Pinedo)','',''),('JRmaciasCW','','jr.macias.3dprint@gmail.com'),('JRodrigo','http://www.jra.so','jrodrigotech@gmail.com'),('JtorralbaCW (Jose M Torralba)','',''),('Juan C. Martinez','','juancmar@gmail.com'),('Juan Carlos Gavari Starkie','',''),('Juan Carlos Joya Clares','',''),('Juan Carlos Liébana (CAPI)','',''),('Juan Francisco Mateo (Miniatuario)','','miniatuario@yahoo.es'),('Juan G. Victores','',''),('Juan García Rodríguez / David Mayor Fernandez','',''),('Juan Ginés González','','juangines77@gmail.com'),('Juan Ignacio C.','','juanignaciocg@gmail.com'),('Juan Machuca GaLaFa_T','','ea7fnj@gmail.com'),('Juan Moreno','',''),('Juan Pinto','','juanpintom@gmail.com'),('Juan Robles','',''),('Juan Rodríguez (JrodriCW)','',''),('Juanillo','',''),('Juanma (Exodous)','',''),('Juanma Tirado','',''),('Juliam Maya','www.ronink.tk','diazjul@hotmail.com'),('Julian Carrillo','',''),('Julian Garcia','',''),('Julián García Roger','https://plus.google.com/u/0/110556455513477816958/posts',''),('Julio Contreras','www.realgrafics.com','jcontreras3d@gmail.com'),('Julio Galarón','',''),('kwendenarmo','akornsys-rdi.net','dolf@kwendenarmo.es'),('LdMPrinter-R-01','',''),('LeapTo3D','',''),('Lizar Azkune','',''),('Lluís Vilarrúbies','',''),('loki','',''),('LoKuS','https://plus.google.com/photos/+LoKuSKus77/albums/5986890523351025217','lokus77@gmail.com'),('lolo cortes','www.huelva3d.es','info@huelva.es'),('LUCAS ','RepRapZ.com',''),('Lucas Clon','',''),('Luis Letrán Rivera','','luis.letran@outlook.com'),('Luis Macías','',''),('Luisinolo','',''),('luisjchr','','luisjchr@gmal.c'),('Manu Barranco','',''),('Manuel Bocos','',''),('Manuel Fernández','',''),('Manuel Hidalgo (leobot)','',''),('Manuel/Pedro sprt','','meo92.arq@gmail.com'),('Marciano de la Hoz','',''),('Marckstarck (Antonio Ruiz Cuellar)','','softwarmaster@gmail.com'),('Marco Esteban Illescas','',''),('Marcos Castillo','',''),('Maria Lopez y Angel Ruiz','',''),('Mariano Dapía (@iPadNanito)','',''),('Mario Camou','',''),('Mario Crespo','','mariocresposueiro@gmail.com'),('Marioso','','mario.rosas@ideadigital.net'),('Martí Serra (XvapX)','',''),('Martin Fodstad Stoelen','',''),('Meditando De Modo Altruista','','warimo11@gmail.com'),('Mejias3D - Jorge Mejías Cazorla','http://www.mundocentro.com/','info@mundocentro.com'),('Miguel Angel Berna Alberola (MABLACK )','http://www.mbrobotics.es/MbRobotics/Main.html',''),('Miguel Angel de Frutos','',''),('Miguel Ángel Fernández Rodríguez (MafernandezCW)','',''),('Miguel Ángel Herranz','',''),('Miguel Angel Salmerón ','WWW.INDALO3D.COM','indalo3d@gmail.com'),('Miguel Herranz','',''),('Miguel Sánchez (misan)','',''),('Miguelffdz','','miguelffdz@gmail.com'),('Miguelop24','','miguelop24@gmail.com'),('Miguif (Miguel Federico)','',''),('Milo Barral','',''),('MioCid (Fabian Vargas)','',''),('mmusicoc','','mariomusicortes@gmail.com'),('Moncho Estévez','','rerdelineante@gmail.com'),('MrPlotters','','sordyk@gmail.com'),('Ñako','','kileitza@gmail.com'),('Narci Soto','','tosocinar@gmail.com'),('Nautilux','','marcosfebrerof@gmail.com'),('nautilux20','','marcosfebrerof@gmail.com'),('NEGRO','','vrtoma@hotmail.com'),('Nerea de la Riva, Iván Gallego, Eduardo Gallego','http://www.reprap.org/wiki/Clone_wars:_Impresora_Carbonite',''),('Nicholas Dawe','','mvx15@hotmail.com'),('Nieves Cubo (Nicuma)','',''),('nobita','www.kismotics.com','agarciaqb@gmail.com'),('Obijuan','http://www.iearobotics.com/wiki/index.php?title=Juan_Gonzalez:Main',''),('Ocellet y Javier Pajares','',''),('OskarLGS','',''),('Oyabac','','oyabac@gmail.com'),('Pablo','','parranzl@gmail.com'),('Pablo Blanco','',''),('Pablo Bosch','',''),('Pablo Clemente','',''),('Pablo Martinez & Rita Lopez','',''),('Pablo Murillo - Arduteka','http://www.arduteka.com/',''),('Pablo Otón Zamora','',''),('Pablo Soldavini','','psoldav@gmail.com'),('pablo y tomas','',''),('Paco Gallud','',''),('Paco Martinez','',''),('Paco Martos (Paclón)','',''),('Paco Ríos','','friosq49@gmail.com'),('PacoLucas','','3pacolucas@gmail.com'),('paramarco','http://marcovereda.blogspot.com.es/','paramarco@gmail.com'),('PATMURT','',''),('Pau Chafer','',''),('pcforming','',''),('Pedro Clemente','',''),('Pedro Ortego','http://ldp.etsii.upm.es/',''),('Pedro Perez','',''),('Pedro Rivera','http://trollslanda.com','pedroriveravalencia@gmail.com'),('pepeChorva','www.pepechorva.com','pepe@pepechorva.com'),('pink floyd','','bidaia.mikel@gmail.com'),('Pinwi','http://www.reprap.org/wiki/User:Pinwi',''),('Pive','','ucevista@hotmail.com'),('PlahuertaCW','',''),('PmartinCW','http://peceanpe.blogspot.com.es/','pamartin64@gmail.com'),('prisma_cw','',''),('PStolzenbachCW','softpes.wordpress.com','softwarepes@gmail.com'),('quintas','',''),('Rafa Couto (caligari)','http://caligari.treboada.net','caligari@treboada.net'),('Rafa Pinilla','',''),('Rafael','',''),('RalvarezCW','',''),('Ramón Baselga','',''),('Ramón López','',''),('Ramon Rivas, Edgar Salas y Guillermo Welch ','',''),('Raspujuan','http://www.fandel.es','jmonzon.indrema@gmail.com'),('Raúl González','',''),('Raul Jimenez','',''),('Rcccort','','rcccort@gmail.com'),('rcrele','','rcrele@gmail.com'),('Ricardo Monsalve','',''),('RobCib','http://www.robcib.etsii.upm.es/',''),('Robertmika','',''),('Roberto Cancela (Maxit)','',''),('RobobitaA','','perezplius@gmail.com'),('rodaxxi','','rodaxxi@gmail.com'),('RtorresCW','',''),('Ruben Ferrero','',''),('Rubén Pedraza','',''),('sacamantecas','','sacamantecas@hotmail.com'),('Salvador Lario (litris)','http://www.reprap.org/mediawiki/index.php?title=Mas_informaci%C3%B3n&action=edit&redlink=1','ilitriss@gmail.com'),('Samuel Ureta, Miguel Ampudia y Roberto López','','samuel.ureta@gmail.com'),('Santiago Castro','','santi.castro@gmail.com'),('Santiago López','https://plus.google.com/108347194424547002289/about',''),('Santiago Prego','',''),('Sasori Olkof','',''),('sbarrasCW (Sergio Barras)','',''),('scrawny','','scrawny.gz@gmail.com'),('Sebastian Gallardo','',''),('Sebas_War','','chano19209@gmail.com'),('Sergi - CeledaBcn','',''),('Sergi Pérez Labernia','',''),('Sergio García','',''),('Sergio MC','',''),('Sjædric Moreno','',''),('SkilFull','',''),('SKYHOOK','','tecno.frangoal@gmail.com'),('SprintFull.','',''),('SrTurtle','','kokum88@gmail.com'),('Stathis Fotiadis','',''),('Sushimarc','',''),('Syvic','',''),('Tania','',''),('Tatuin','',''),('tecnofilo','www.tecnofilo.es','tecnofilo@tecnofilo.es'),('Tio Cals (Carlos Milio)','',''),('Tucho ( Alberto Morales )','http://www.albertomorales.eu','mail@albertomorales.eu'),('Tweela','','Saradayz18@gmail.com'),('Unseulmot','','apuntaconbuenaletra@gmail.com'),('Valentín Cancelas, Gonzalo Alonso','',''),('Vicente Centeno (ChentinoX)','',''),('Victor Barahona - Sir Galaxy','',''),('Victor Tey','','victortey76@hotmail.com'),('Vikyngo','','vikyngo@gmail.com'),('Werty','',''),('WHOISNOSFERATU','','whoisnosferatu@gmail.com'),('Xarpe Serpe','liceoartabro.wordpress.com','xarpeserpe@gmail.com'),('Xavi Amengual','',''),('Xavier Tamarit','https://plus.google.com/u/0/109869086151819488199/posts',''),('Xherry','',''),('Xoan Sampaiño','http://about.me/xoan',''),('Xose Perez','','xoseperezlo@gmail.com'),('xz81','','xz81@hotmail.com'),('ybueno.net','','soy@ybueno.net'),('yOPERO','http://yopero-tech.blogspot.ie/',''),('Z80user','','z80user@gmail.com'),('ZeroCool','','alexlema@gmail.com'),('Zironid (Martín Buenahora)','http://zironidlab.wordpress.com/','martinbuenahora@hotmail.com'),('zurCaleD','https://plus.google.com/+zurCaleDDelaCruzADSu10/posts','adsu10@gmail.com');
/*!40000 ALTER TABLE `users` ENABLE KEYS */;
UNLOCK TABLES;
/*!40103 SET TIME_ZONE=@OLD_TIME_ZONE */;

/*!40101 SET SQL_MODE=@OLD_SQL_MODE */;
/*!40014 SET FOREIGN_KEY_CHECKS=@OLD_FOREIGN_KEY_CHECKS */;
/*!40014 SET UNIQUE_CHECKS=@OLD_UNIQUE_CHECKS */;
/*!40101 SET CHARACTER_SET_CLIENT=@OLD_CHARACTER_SET_CLIENT */;
/*!40101 SET CHARACTER_SET_RESULTS=@OLD_CHARACTER_SET_RESULTS */;
/*!40101 SET COLLATION_CONNECTION=@OLD_COLLATION_CONNECTION */;
/*!40111 SET SQL_NOTES=@OLD_SQL_NOTES */;

-- Dump completed on 2015-10-28 14:19:20
